Unnamed: 0,Unnamed: 1,Unnamed: 2,Код,Группа,Наименование,Ед. изм.,Количество,Приходная цена,Розничная цена
,,,105772,Служебная группа,Хеллей Сэндвич 28гр Улькер,шт.,29,17.75,28
,,,102039,Детские товары,Малыш истринский 3 350гр,шт.,11,324.17,390
,,,97395,Напитки/Чай/Кисель,Чай Муслим 25пакетиков Эрл грей,шт.,16,96,122
,,,97908,Посуда/Средство для мытья посуды,Средство для мытья посуды 900гр АОС,шт.,5,125,170
,,,98968,Напитки/Чай/Кисель,Чай калмыкский 60 пакетиков ХАН ЧАЙ,шт.,22,660,792
,,,96536,Продукты Питания/Молочка/Йогурт/Пудинг,Фруттис вкусный перерыв 175гр 2.5пр,шт.,1,82.39,108
,,,1119304,Весовые товары/Конфеты,Аленка понч с вишней 150 гр,шт.,3,112.7,158
,,,1119735,Продукты Питания/Крупы/Макароны/Хлопья/Крупы,Рис корона кавказа 700 гр,шт.,5,65,88
,,,158,Весовые товары/Выпечка,Крекер Фигурный в Форме Игрушек КубКор (МС),кг,1.118,161.28,230
,,,106934,Химия/Для себя/Полость рта,Зубная паста Голгате МаксБлеск 100мл,шт.,4,179,220
,,,1119365,Продукты Питания/Консервы/Зелень,Бейсболка,шт.,28,163.7,700
,,,1119585,Посуда,Чайник 2157,шт.,4,200,550
,,,1119542,Сладкое/Прочее/Милка,Скитлс евро 109 гр,шт.,16,135,167
,,,1119248,Напитки/Соки,J7 Ассорти 0.97л т/пакет персик,шт.,15,149.615833333333,320
,,,98713,Сладкое/Прочее/Киндер,Киндер Буено 43гр вайт,шт.,45,77,100
,,,1116398,Посуда,Протеиновый десерт Кейк 50 гр тройной шоколад,шт.,23,104.4,135
,,,99399,Сладкое/Мармелад/Драже/Карамель/Мармелад,Мармелад Бебето 70гр,шт.,2,78.03,112
,,,1117974,Напитки/Соки/Энергетик,Витамикс 2 л,шт.,161,84,110
,,,1119524,Служебная группа,Колготки детские Белино со стразами,шт.,4,180,380
,,,2000999843939,Химия/Для себя,Мягкая кукла ушки,шт.,1,600,950
,,,1335,Напитки/Кофе/Какао/Сливки/Кофе,Кофе 3 в 1 50порций GOLDEN EAGLE,шт.,5,536,643
,,,95017,Сладкое/Печенье/Пряники,Сдобные палочки 308гр СНЕЖКА,шт.,13,136.363636363636,170
,,,1117609,Сладкое/Мармелад/Драже/Карамель/Мармелад,Мармелад в стакане,шт.,6,110,140
,,,1118524,Продукты Питания/Крупы/Макароны/Хлопья,Лапша булдак со вкусом сыра,шт.,6,139,160
,,,99404,Жевачка,Жевачка ЧЧ БигБабол 21гр,шт.,1,28.7279166666667,45
,,,105755,Служебная группа,Крыло Замороженная 1кг,шт.,1,304,435
,,,1119090,Для дома,Горелка газовая 1,шт.,5,170,230
,,,774,Весовые товары/Мясное,Колбаски с сыром Абуев,кг,0.961,559.006622516556,678
,,,1119701,Детские товары,Набор посуды,шт.,2,550,665
,,,1118918,Фрукты/Овощи/Зелень/Овощи,Мартин апельсин 1.5 л,шт.,1,122,147
,,,95419,Сладкое/Вафли/Зефир,Вафли 300гр ЯШКИНО,шт.,12,85.15,120
,,,1117822,Продукты Питания/Мука/Сахар/Соль/Крахмал/Сахар,Сахар корона кавказа 700 гр,шт.,8,59,85
,,,2000999844221,Детские товары,Пенка-шампунь мое солнышко 400 мл,шт.,3,193,237
,,,1117992,Сладкое/Мороженое,Мороженое волшебный дубай,шт.,4,105,145
,,,96409,Продукты Питания/Крупы/Макароны/Хлопья,Фунчоза 400гр СЕН СОЙ,шт.,2,230,276
,,,371,Весовые товары/Выпечка,Кумк колбаса круг чеченская,кг,19.557,530,645
,,,1118127,Химия/Для себя,Увлажняющий крем 4в1 зеленый,шт.,20,130,325
,,,2000999843988,ДЛЯ КАССЫ/Аксессуары,Кабель Х-902,шт.,5,180,350
,,,2000999844328,Детские товары,Сказка нагрудник 3 шт -1,шт.,1,175,247
,,,107448,Для дома/Салфетки,Салфетки Бумажные Жасмин 46л,шт.,30,20,30
,,,99434,Химия/Для себя/Бритвы,Бритва Бик метал лента,шт.,2,26.4166666666667,40
,,,94910,Сладкое/Вафли/Зефир,Мягкий десерт с суфле 288гр ДАРЛЕТТО,шт.,4,142.89,175
,,,1119645,Игрушки,Кукла русалка большая,шт.,1,2200,3750
,,,1118971,ДЛЯ КАССЫ/Леденцы,Сырок кубанский молочник 100 гр,шт.,2,63.99,85
,,,99791,Напитки/Соки,Сок Добрый Лимон - Лайм 0.33 ЖБ,шт.,3,53.0833333333333,75
,,,1118708,Электроника/Гаджеты,Наушники фаиз 2,шт.,1,800,1250
,,,1119126,Сладкое/Мармелад/Драже/Карамель/Мармелад,Желе 20 гр,шт.,50,13,20
,,,105147,Служебная группа,Кетчу Махеев Болгарский 300гр,шт.,11,70.25,95
,,,2000999844296,Детские товары,Соска бибс рисунок,шт.,1,500,625
,,,1117437,Сладкое/Батончики/бисквиты,Печенье крембер 90 гр,шт.,9,49.361,75
,,,1118488,Напитки/Соки/Энергетик,Пиво безалкогольное Жатецкий гусь 450 мл жб,шт.,1,65.2104166666667,100
,,,96895,Продукты Питания/Мука/Сахар/Соль/Крахмал,Мука 5кг Снежана,шт.,3,200,245
,,,109650,Химия/Для себя/Мыло,Мыло Хозяйственное 72пр 250гр,шт.,28,39.5,57
,,,96913,Напитки/Вода,Байкал 0.85л,шт.,2,90,125
,,,98243,Химия/Бытовая химия,Средство для белья 1440мл АБС,шт.,12,240,305
,,,104393,Служебная группа,Печенье Сливочное настроение 430гр,шт.,2,99.66,125
,,,1119416,Весовые товары/Мясное,Пирожное Пломбирка 40 гр,шт.,10,25.746,45
,,,1119560,Химия/Для себя,Пупа пудра оригинал,шт.,4,880,1100
,,,1248,Напитки/Чай/Кисель,Чай Азер Зеленый 100 гр,шт.,7,62,90
,,,1115992,Сушеные Рыба/Говядина,Кальмар 100 гр Флотская,шт.,2,201.88,265
,,,1119185,Канцтовары,Дневник хатбер,шт.,2,45,100
,,,1119152,Продукты Питания/Консервы/Мясо,Печенье малышам 250 гр,шт.,8,110,145
,,,1229,Напитки/Чай/Кисель,Чай Джамал 450 гр,шт.,5,631,757
,,,102516,Сладкое/Домашняя выпечка,Рулет меренговый Азбука Вкуса,шт.,3,590,710
,,,1118884,Продукты Питания/Павильное Питание,Киндер Яйцо 70 гр,шт.,2,364.833333333333,485
,,,2000999844188,Сладкое/Прочее/Милка,Жевательная резинка баблфрукт 12 гр,шт.,30,9.45,15
,,,2000999844261,Детские товары,Бимуника жидкое мыло-крем,шт.,2,211,265
,,,1118040,Сладкое,киндер джой 20гр,шт.,25,110,135
,,,103212,Кошачьи товары,Корм Китикет 800гр Мясной пир,шт.,8,210,227
,,,1115921,Фрукты/Овощи/Зелень/Фрукты/Ягоды,Абрикос новый маленький,шт.,4,200,267
,,,1117398,Продукты Питания/Консервы/Мясо,Скумбрия филе 170 гр,шт.,3,151.68,185
,,,105913,Служебная группа,Протеиновые Батончики 40гр,шт.,17,37.61,55
,,,96112,Продукты Питания/Молочка/Йогурт/Пудинг,Йогурт питьевой Эрмигурт 290гр,шт.,27,73,98
,,,2000999844032,Продукты Питания/Молочка/Йогурт/Пудинг,Актибио питьевой злаки 870 гр,шт.,2,181.99,202
,,,104446,Продукты Питания/Майонез/Кетчуп/Уксус и т.п.,Томатная паста 700гр Кубанская трапеза,шт.,5,144.67,170
,,,1116547,Сладкое/Прочее,Мальтизерс 135 гр,шт.,1,270,325
,,,1119563,Химия/Для себя,Пудра силлари,шт.,2,780,985
,,,97706,Продукты Питания/Майонез/Кетчуп/Уксус и т.п.,Майонез Махеев Сметанный 800мл,шт.,1,148.81,178
,,,102290,Напитки/Чай/Кисель,Чай Тесс 25пак Плеасур,шт.,3,73,98
,,,1119424,Одежда/Носки/Гольфы,носки женские 2055,шт.,8,25,95
,,,2000999844314,Детские товары,Мепси кондиционер ополаскиватель 1 л,шт.,1,240,287
,,,102047,Масла/Масла подсолнечные/оливковое,Масло Мамрук 1л,шт.,14,143.333333333333,168
,,,1118381,Игрушки,Круг для моря 2,шт.,1,590,900
,,,1119203,Сладкое/Прочее/Киндер,Акульчев мяфли 310 гр,шт.,2,160,185
,,,106091,Сушеные Рыба/Говядина,Рыба Соломка Барбекю 15гр Флотская,шт.,12,34.78,55
,,,2000999844391,Химия/Для себя/Полость рта,Аэрозоль с блоком пион 269 мл,шт.,1,854.9,0
,,,1118746,Игрушки,Мыльные пузыри большие 1,шт.,22,85,130
,,,1119099,Химия/Для себя/Мыло,Салфетки влажные аура арбуз,шт.,9,45,70
,,,2000999844108,Весовые товары/Конфеты,Рахат лукум ассорти 700 гр,шт.,2,228,277
,,,1119708,ДЛЯ КАССЫ/Химия,Металлическая сетка Эмвэ,шт.,2,220,268
,,,105908,Служебная группа,Термопакет средний,шт.,16,100,150
,,,1118989,Продукты Питания/Консервы/Мясо,Килька балтийская 230 гр,шт.,6,90.72,120
,,,97897,Продукты Питания/Мука/Сахар/Соль/Крахмал/Сахар,Сахар кусковой 800гр АзерШекер мягкая упаковка,шт.,3,135,170
,,,100746,Жевачка,ментос фруктовый 37 г,шт.,13,30.8333333333333,50
,,,98708,Жевачка,Орбит мини классический 10.2гр,шт.,16,27.5,40
,,,101269,ДЛЯ КАССЫ/Кухня,Китикет аппетитная курочка в соусе 85 гр,шт.,20,23.99,35
,,,108655,Химия/Для себя/Бритвы,Бритва Бик Лади,шт.,10,170,210
,,,97075,яя Подарки,влажные салфетки ловулар,шт.,6,128.57,180
,,,1119469,Для дома/Скотч/Изолента,Пемза зингер 13802,шт.,3,185,235
,,,2000999843985,ДЛЯ КАССЫ/Аксессуары,Кабель Х-14,шт.,5,240,380
,,,1118082,Детские товары,Подгузники хелен харпер ночные 6 ка,шт.,1,440,528
,,,1118210,Служебная группа,Набор от Chahel 6 в 1,шт.,5,329,485
,,,1118334,Посуда,Карандаш кислородный для отбеливания и удаления пятен,шт.,3,150,185
,,,1119079,Продукты Питания/Павильное Питание,Семена чиа 150 гр национало,шт.,1,150,185
,,,1119272,Служебная группа,Биг бон лапша макс 110 гр,шт.,19,96.875,118
,,,1118869,Химия/Ароматная,Ваниш отбеливатель 500 гр,шт.,2,277,332
,,,103195,Напитки/Вода,Серноводская 1.5л Газ,шт.,30,1,55
,,,104067,Фрукты/Сухофрукты,Милка чоко ков 120гр,шт.,2,135,245
,,,104156,Химия,Маска Космитическая,шт.,21,12.6666666666667,75
,,,2000999844293,Детские товары,Ниблер силиконовый сказка,шт.,4,165,215
,,,1118662,Сладкое/Конфеты/Печенья упаковки,Печенье Любятово топленое молоко4610003254759,шт.,4,61.31,95
,,,321,Весовые товары/Вафли вес,Жев.Зефир Зефирчики Шоу (Азовчанка)  (МС) Арма,кг,3.894,344.5,445
,,,103684,Чипсы,Чипсы Корнерсы 50гр Паприка Чили,шт.,1,47.82,73
,,,1118231,Напитки/Кофе/Какао/Сливки,Экскимо красное,шт.,93,21,30
,,,2222,Фрукты/Овощи/Зелень/Фрукты/Ягоды,Грейпфрут,шт.,1,80,120
,,,103446,Одежда,Резинки в банке,шт.,30,60,120
,,,1118423,Чипсы,Начос 150 гр пикантная сальса,шт.,6,122,148
,,,1118507,Для дома/Мешки для мусора,Мусорные пакеты плюше 35 л,шт.,30,57.06,88
,,,109498,Напитки/Соки,Липтон 1л малина,шт.,12,134.25,170
,,,110213,Для дома,Удленитель 3м Космос,шт.,2,319.84,415
,,,2000999844281,Детские товары,Кабрита 180 гр,шт.,5,550,642
,,,9963,ДЛЯ КАССЫ/Подгузники,Тапочки 5,шт.,9,450,750
,,,524,Весовые товары/Выпечка,Кекс с черной смородиной альфа,кг,1.6,335,402
,,,870,Весовые товары/Мясное,АМ Колбаски чесночные,кг,0.00099999999999989,664.019480519481,798
,,,1118885,Продукты Питания/Павильное Питание,Роблокерсы яйцо,шт.,11,139.333333333333,185
,,,108027,Продукты Питания/Морепродукты,Торнадо 0.45л жб Бабл Гам,шт.,33,45.7,80
,,,1119103,Химия/Для себя/Мыло,Жидкое мыло 500 мл доха з,шт.,15,150,185
,,,94915,Сладкое/Вафли/Зефир,Венские вафли со вкусом банана 100гр АКУЛЬЧЕВ,шт.,2,55.19,80
,,,102752,Напитки/Соки,Сок Швелл 0.75л Вишня,шт.,6,142.166666666667,165
,,,1119239,Продукты Питания/Полуфабрикаты,Брокколи капуста агама 400 гр,шт.,3,171.85,210
,,,96941,Сладкое/Прочее/Милка,Милка чоко бровни 150гр,шт.,8,210,265
,,,1119346,Химия/Для себя/Крем,Лак для волос силет,шт.,2,127.08,185
,,,926,Весовые товары/Выпечка,Пряники Агеевские с Черникой 3мес Альфа,кг,0.825999999999999,280.232558139535,365
,,,940,Сладкое/Конфеты/Печенья упаковки,Конфеты Твикс Мини,кг,0.618,725,875
,,,107657,Напитки,Черноголовка Кола 0.33л жб,шт.,4,50,75
,,,1118045,ДЛЯ КАССЫ/Подгузники,десерт графские развалины,шт.,1,320,385
,,,2000999844384,Химия/Бытовая химия/Порошки,Дискрет прокладки норма,шт.,12,190,0
,,,1118671,Сладкое/Конфеты/Печенья упаковки,Печенье Юбилейное с хлопьями 224 гр,шт.,12,62.63,85
,,,1188,Напитки/Чай/Кисель,Чай МК 100 гр,шт.,5,60,85
,,,95684,Сладкое/Батончики/бисквиты/Батончики/Пирожные,Батончик Марс 50гр,шт.,16,44.4444444444444,55
,,,103376,Электроника/Гаджеты,СЗУ (блок) С25,шт.,5,470,650
,,,108217,Сладкое/Домашняя выпечка,Шарлотки / Бантики Азбука Вкуса,шт.,6,235,285
,,,330,Весовые товары/Мясное,Башаров Грудка Куриная в паприке,кг,3.331,716.001517450683,865
,,,1119245,Фрукты/Овощи/Зелень/Фрукты/Ягоды,Фреш 1.5л,шт.,2,39.42,60
,,,1119718,Продукты Питания,Золотой стандарт пломбир 500гр,шт.,1,465,547
,,,94824,Продукты Питания/Крупы/Макароны/Хлопья/Крупы,Крупа пшеничная 700 Исмаил,шт.,7,43,66
,,,1118455,Сладкое/Мороженое,Мороженое санта,шт.,2,18,28
,,,108173,Напитки/Соки/Энергетик,Стелла Артоис 0.44л 0.0пр Стекло,шт.,23,62.5,95
,,,109381,Чипсы/Принглс,Прингалс 165гр Сладкая Паприка,шт.,1,168.421052631579,260
,,,101241,Сладкое/Мармелад/Драже/Карамель,Карамель на палочке Буба 10гр,шт.,10,36.0416666666667,58
,,,2000999844008,Сладкое/Вафли/Зефир,Вафля простоквашино 40 гр,шт.,7,33.33,65
,,,2000999844173,Продукты Питания/Майонез/Кетчуп/Уксус и т.п.,Царь хлопья 6 злаков 400 гр,шт.,5,65.4,90
,,,2000999844253,Детские товары,Энта держатель,шт.,9,350,425
,,,100808,ДЛЯ КАССЫ/Кухня,Финики Алжир Ихляс 400 гр,шт.,11,115,145
,,,1119521,Служебная группа,Колготки детские Фенна,шт.,47,45,150
,,,2000999844203,Детские товары,Бутылочка Авент 330 мл,шт.,7,220,300
,,,1119100,Химия/Для себя,Шампунь  гель 500 мл,шт.,7,137.07,165
,,,97268,Детские товары,Симилак голд 1 от 0 до 6месяцев 800гр,шт.,2,1000,1308
,,,110524,Напитки/Чай/Кисель,Чай Джамал 200гр Бомба Пеко,шт.,2,310,372
,,,1117895,Сладкое/Мороженое,Мороженое хабиби малина,шт.,37,85,110
,,,100168,Сладкое/Мороженое,Мороженое Рустик,шт.,33,16,27
,,,101669,Масла,Масло Топленая Тульчинка 2.8кг,шт.,2,733.33,880
,,,1118338,Служебная группа,Духи мужские дольче и габбана 125 мл,шт.,3,329,2350
,,,1118359,Семечки,Ккукуруза хрустящая джин,шт.,12,41,0
,,,2000999843960,Химия/Для себя,Кукла в коробке с челкой,шт.,1,700,1085
,,,1117216,Чипсы,Русская картошка 80 гр,шт.,37,88.04,115
,,,1119556,Продукты Питания/Молочка/Сыр/Копченый Сыр,Сыр плавленный фетакса с маслинами 200 гр,шт.,3,180,218
,,,96897,Сушеные Рыба/Говядина,Кальмар 40гр Флотская,шт.,20,97.27,137
,,,799,Весовые товары/Мясное,Башаров колбаса Особая,кг,0.0549999999999999,424.001996007984,508
,,,2000999843970,Химия/Для себя,Аромасвеча в стакане,шт.,12,250,350
,,,102801,Сладкое/Домашняя выпечка,Торт в ассортименте Азбука Вкуса,шт.,14,840,1116
,,,108775,Игрушки,Жилет Детский,шт.,6,351,700
,,,606,Весовые товары/Выпечка,Конфеты Леди ночь чернослив,кг,3,568.5,681
,,,110984,Сладкое/Конфеты/Печенья упаковки,Земляничное 430гр (Мозрозова),шт.,5,99.66,125
,,,96853,Продукты Питания/Молочка/Молоко/Кефир/Сливки,Сливки 1л Декор Ап,шт.,6,291.67,350
,,,1118056,Продукты Питания/Молочка/Йогурт/Пудинг,Йогурт эпика без сахара 260 гр,шт.,1,69.99,115
,,,1115883,Жевачка,Жвачка Чупа Чупс 72 гр Баланова,шт.,1,164,200
,,,815,Фрукты/Овощи/Зелень,Яблоки Шафран,кг,1,143.241909176753,198
,,,108843,Сладкое/Домашняя выпечка,Баранки 350гр Николаевские,шт.,3,72.25,98
,,,1118810,Для дома,Матовый полироль,шт.,3,250,335
,,,1119590,Для дома,Зажигалка филнов,шт.,18,25,50
,,,94990,Чипсы,Чипсы 5D 45гр,шт.,74,16.975,25
,,,1206,Напитки/Чай/Кисель,Чай Принцесса НУРИ 25 пак 50 гр,шт.,12,42,60
,,,1118344,Служебная группа,Духи мужские лакоста 100 мл,шт.,3,329,2350
,,,111399,Детские товары,Подгузники Хаггис девочкам 7  40шт,шт.,1,1100,1320
,,,2000999844185,Сладкое/Прочее/Милка,Спрей смартфон 15 мл,шт.,29,17.25,35
,,,1119698,Продукты Питания/Консервы/Зелень,Косметичка 805,шт.,1,300,500
,,,2000999844397,Химия/Для себя/Полость рта,Аэрозоль Glade 300 мл сандал,шт.,4,127.24,0
,,,1116873,Сладкое/Вафли/Зефир,Мармелад бебетто 180 гр нов,шт.,7,155.93,190
,,,80,Весовые товары/Выпечка,Крыжовник,кг,1.366,450,585
,,,100276,Продукты Питания/Павильное Питание,Мюсли 280гр фруктовые ОГО,шт.,2,91.59,117
,,,1117506,Сладкое/Домашняя выпечка,Белковые трубочки азбука вкуса,шт.,1,190,228
,,,103080,Фрукты/Сухофрукты,Изюм черный крупный 300гр Аль Ихляс,шт.,7,160,200
,,,1119505,Химия/Для себя/Бритвы,Станки мужские греен плюс 5 шт,шт.,1,73,100
,,,101370,Сушеные Рыба/Говядина,Янтарная соломка путассу 25гр Бирка,шт.,4,29.67,48
,,,95,Весовые товары/Конфеты,Конфеты Морские,кг,7.667,365.8,436
,,,1117497,Сладкое/Домашняя выпечка,Чак чак от Седы,шт.,1,450,550
,,,1118537,Напитки/Соки,Акапелла мохито 0.4 мл,шт.,6,50.4166666666667,75
,,,1119661,Для дома,Ложки вилки  одноразовые,шт.,90,2,5
,,,108434,Продукты Питания/Молочка/Сгущенка,Сгущенка Королевский Вкус 1300гр,шт.,5,215,246
,,,1118581,Электроника,Магнит для телефона ф 62,шт.,1,210,350
,,,1119633,Химия/Для себя,Аромасвеча с пупыришками,шт.,7,220,350
,,,98112,Напитки/Вода,Кайтаг10.07,шт.,4,120,150
,,,101607,Кошачьи товары,Корм для котят Вискас 75гр Рагу Ягненок,шт.,43,29.99,35
,,,101610,Для дома,Зубочистки пластиковые с ниткой 50шт,шт.,2,60,85
,,,1118679,Продукты Питания/Молочка,Сыр косичка гиагинский,шт.,1,105,135
,,,110342,Напитки/Вода,Минералка Бернар 0.45л стекло,шт.,37,57.5,85
,,,1116546,Сладкое/Мармелад/Драже/Карамель/Мармелад,Конфеты Фру-Телла 70 гр,шт.,8,86.45,115
,,,1194,Напитки/Чай/Кисель,Принцесса Ява лимон и т д 25 пак,шт.,4,48,73
,,,1119266,Напитки/Соки,J7 сок красный апельсин 0.385 мл,шт.,15,67,150
,,,94879,Продукты Питания/Мариновки,Огурцы с зеленью 670гр ИСМАИЛ,шт.,8,93,123
,,,238,Весовые товары/Драже,ВС Козинаки карандаши,кг,2.486,304.8,387
,,,111446,Сладкое/Конфеты/Печенья упаковки,Конфеты Фигурный Бочонок 0.5кг,шт.,4,280,337
,,,1119399,Весовые товары/Выпечка,Милка конфеты 110 гр,шт.,2,240,320
,,,1119554,Сладкое/Прочее/Киндер,Жарим рыбу с лимонными травами 300 гр,шт.,2,130,170
,,,103321,Напитки/Соки,Сок Добрый Кока Кола без сахара 1.5л,шт.,7,84.4555555555556,125
,,,97469,Химия/Для себя/Салфетки влажные,Влажные Салфетки для всей семьи 120шт,шт.,7,50,90
,,,1364,Сладкое/Шоколадные плитки/пасты,Плитка мини  Казахстан 20 гр,шт.,51,28,40
,,,438,Весовые товары/Вафли вес,Вафли Ретро сладонеж шоколад 8мес (Альфа),кг,0.918,327.166666666667,395
,,,104254,Служебная группа,Сахар Баракат 3кг,шт.,6,187,230
,,,99301,Продукты Питания/Майонез/Кетчуп/Уксус и т.п.,Томатная паста 500гр Королевский вкус,шт.,2,132.83,160
,,,1117545,Продукты Питания/Крупы/Макароны/Хлопья/Крупы,Рис шено  басмати 2 кг,шт.,2,450,538
,,,95661,Напитки/Соки,Липтон 0.25л Ж Б,шт.,25,57.5,85
,,,1119101,Химия/Для себя,Шампунь  гель 1000мл,шт.,6,216,285
,,,109033,Для дома,Спирали от комаров Чистый Дом 10шт,шт.,9,75,107
,,,1115640,Химия/Для себя/Мыло,Полет печенье сдобное 200гр,шт.,6,148.57,180
,,,739,Весовые товары/Конфеты,Конфеты Ваше величество,кг,1.624,435,665
,,,1118214,Для дома/Мешки для мусора,Мусорные пакеты 60 л с завязками,шт.,10,58.05,90
,,,1118638,Напитки/Соки/Энергетик,Адреналин Раш лайм 0.449 мл,шт.,3,119,150
,,,1119572,Химия/Для себя,Пемза белая,шт.,6,70,100
,,,2000999844287,Детские товары,Гель для стирки Юкосан 2 л хлопок,шт.,2,526,665
,,,823,Фрукты/Овощи/Зелень/Зелень,Базилик,шт.,6,25,60
,,,1116749,Химия/Для себя/Прокладки,Мыло Дав 90 гр т,шт.,13,70,100
,,,1118784,Химия/Для себя/Полость рта,Тряпки махровые 5 шт,шт.,3,103,140
,,,2000999844182,Сладкое/Прочее/Милка,Сладкий хот дог зефир,шт.,28,16.5,30
,,,95308,Напитки/Соки,Фанта 2л,шт.,14,155,190
,,,100575,Продукты Питания/Молочка/Сгущенка,Молоко сгущеное 380гр Премиум,шт.,3,156,187
,,,101466,Продукты Питания/Молочка/Йогурт/Пудинг,Гранд коктейль 260гр 4пр,шт.,1,117.83,143
,,,108572,Фрукты/Сухофрукты,Манго Сушенный 250гр Короа Кавказа,шт.,2,229,275
,,,109652,Продукты Питания/Павильное Питание,Булочки Для Бургера 3шт Мираторг,шт.,1,51.99,120
,,,1118467,Электроника,Шнур х115,шт.,1,180,350
,,,1118673,Игрушки/Машинки,Груша для бокса маленькая,шт.,1,900,1300
,,,1118353,Служебная группа,Духи женские мон париж 90 мл,шт.,4,299,2350
,,,1118446,Химия/Для себя,Крем гель от рубцов 20 гр,шт.,5,55,250
,,,1118951,Сладкое/Батончики/бисквиты/Батончики/Пирожные,Батончик сникерс больше арахиса 87 гр,шт.,1,79.99,105
,,,111387,Продукты Питания/Молочка/Йогурт/Пудинг,Кетчуп Слабода чесночный 320гр,шт.,2,81.65,100
,,,95508,Химия/Бытовая химия,Перос 1л,шт.,12,67,95
,,,96128,Напитки/Кофе/Какао/Сливки/Кофе,Кофе Маккофе 3 в 1 Оригинал 20г х 50 х 20,шт.,12,600,720
,,,2000999844339,ДЛЯ КАССЫ/Химия,Детская паста Амвэй,шт.,2,260,312
,,,2000999844209,Детские товары,Гель для интимной гигиены Лилу,шт.,3,317,387
,,,109522,Детские товары,Подгузники Хаггис девочкам 5 48шт,шт.,2,1080,1300
,,,1119281,Сладкое/Прочее/Милка,Милка ассорти 152 гр,шт.,3,150,250
,,,97671,Для дома,Пищевая пленка Большая,шт.,8,142,185
,,,1118766,Игрушки,Мыльный пистолет,шт.,2,275,400
,,,98109,Напитки/Вода,Шовда 0.5л,шт.,38,15.6666666666667,25
,,,105004,Хлеб/Хлеб1,Хлеб Кукурузный,шт.,29,35,45
,,,96919,Продукты Питания/Молочка/Сметана/Творог,Сметана Кубанская буренка 300гр 25пр,шт.,4,135,162
,,,1379,Сладкое/Мармелад/Драже/Карамель/Мармелад,Мармелад Бебето полоски,шт.,10,39.06,60
,,,1119535,Продукты Питания/Майонез/Кетчуп/Уксус и т.п.,Кисель брикет 180 гр,шт.,8,29,47
,,,535,Весовые товары/Выпечка,Конфеты 15 грамм золота,кг,2.696,709,893
,,,110187,Сушеные Рыба/Говядина,Рыба Соломка Стейка 15гр Флотская,шт.,8,34.78,55
,,,789,Весовые товары/Выпечка,Вафли Лимонные Альфа,кг,1.93,222.666666666667,297
,,,1118569,Продукты Питания/Молочка/Йогурт/Пудинг,Йогурт даниссимо с шариками карамель 105 гр,шт.,3,69.99,98
,,,2000999844091,Детские товары,Набор погремушек в пакете,шт.,4,425,578
,,,97933,Химия/Для себя/Бритвы,Лезвия Бик 5шт,шт.,80,55.25,77
,,,336,Весовые товары/Мясное,"ММ Куриное Бедро варено-капченое, кат.А",кг,0.018,470,565
,,,1203,Напитки/Чай/Кисель,Чай Азер 400 гр,шт.,4,310,336
,,,1118069,Масла/Масла подсолнечные/оливковое,Масло корона кавказа 1 л,шт.,7,117,142
,,,1119393,Фрукты/Сухофрукты,Козинак с соленой карамелью 150 гр,шт.,1,37.09,58
,,,104872,Продукты Питания/Молочка/Сыр/Копченый Сыр,Сыр Спагетти 100гр,шт.,10,59,95
,,,94847,Продукты Питания/Мука/Сахар/Соль/Крахмал/Сахар,Сахар 1кг Цолода,шт.,1,65,90
,,,1118020,Фрукты/Овощи/Зелень,мармелад ред,шт.,22,300,450
,,,1118552,Сладкое/Мармелад/Драже/Карамель/Мармелад,Мармелад крутой микс 70 гр,шт.,1,75.7,100
,,,102976,Сладкое/Домашняя выпечка,Трайфл Евро Азбука Вкуса,шт.,4,175,210
,,,471,Весовые товары/Драже,Парварда ассорти 6мес (Альфа),кг,2.586,214.666666666667,292
,,,96962,Масла/Масла сливочные,Масло сливочное крестьянское 250гр Дарман,шт.,8,290,348
,,,108015,Продукты Питания/Молочка/Сметана/Творог,Сметана Дарман 180гр 15пр,шт.,4,74,100
,,,98217,Кошачьи товары,Корм для кошек вискас 350гр,шт.,11,129.99,185
,,,1118820,Напитки/Соки,Кола финик 0.240 мл,шт.,51,87.5,125
,,,109067,Служебная группа,Кузя Лакомка Кукурузные Палочки 100гр,шт.,1,63.37,90
,,,1119343,Химия/Для себя/Крем,Влажные салфетки аура 15 шт,шт.,3,13.4,25
,,,1148,Продукты Питания/Молочка/Йогурт/Пудинг,Йогурт фруттис 110гр 0.1пр,шт.,12,26.32,35
,,,1119206,Сладкое/Прочее/Киндер,Кранчи А4 80 гр,шт.,2,59.2,90
,,,109518,Напитки/Кофе/Какао/Сливки/Кофе,Кофе 500гр Арабика Кофейня На Паяхь,шт.,1,600,985
,,,1119769,Продукты Питания/Консервы,Печень трески золотистая рыбка 250 гр,шт.,4,334.17,0
,,,1117371,Продукты Питания/Консервы/Мясо,Иваси 250 гр,шт.,3,107.29,125
,,,103348,Сладкое/Мороженое,Пломбир в вафлях КизК,шт.,4,59,78
,,,2000999844422,Сладкое/Мармелад/Драже/Карамель/Мармелад,Мармелад утенок 12 гр,шт.,30,11,
,,,1119755,Хлеб/Фаст Фуд,Бургер фирменный,шт.,7,100,130
,,,2000999844212,Детские товары,Бимбо кондиционер для белья 1л,шт.,2,183,237
,,,1118227,Детские товары,Детская присыпка лулу,шт.,3,200,247
,,,96326,Масла/Масла сливочные,Масло сливочное чабан 180гр 82.5пр,шт.,10,235,282
,,,109468,Напитки/Вода,Донат 1л,шт.,1,284,350
,,,94861,Продукты Питания/Мука/Сахар/Соль/Крахмал,Соль илецкая 1000гр РУССОЛЬ,шт.,41,25,37
,,,95149,Сладкое/Шоколадные плитки/пасты,Плитки 100гр RITTER SPORT,шт.,3,166,205
,,,265,Весовые товары/Вафли вес,Зефир Бело-розовый 4мес (АЛЬФА) 87дн,кг,7.44,208,275
,,,1119480,Химия/Для себя/Шампунь,Гель для душа фа мужской 250 мл,шт.,5,85,125
,,,102883,Детские товары,Подгузники Молфикс 2-ка 68шт,шт.,1,590,840
,,,1118511,Химия/Ароматная,Армотизатор воздуха черная смородина 250 мл,шт.,2,106.02,136
,,,189,Весовые товары/Выпечка,Печенье Курабье 6мес Альфа,кг,2.092,211.428571428571,315
,,,1119165,Продукты Питания/Консервы/Зелень,Кондиционер перос лаванда 1 л,шт.,3,174,215
,,,1115565,Продукты Питания/Павильное Питание,Батончик Нут-Го миндаль/аразис 36гр,шт.,2,36.46,50
,,,1119316,Продукты Питания/Быстрое питание,Соус булдак 200 мл,шт.,4,433,519
,,,107550,Чипсы/Лейс,Лейс 70гр Паприка,шт.,50,66,100
,,,105266,Служебная группа,Глаз 12гр,шт.,99,11.49,20
,,,1118847,Напитки/Соки,Миринда яблоко жб 330 мл,шт.,2,65.4166666666667,90
,,,100599,Продукты Питания/Молочка/Сыр/Копченый Сыр,Сыр Горянка нежный 2.5кг 40пр,шт.,1,1320,1584
,,,2000999844290,Детские товары,Грызунок сказка 0 месяцев,шт.,2,77,115
,,,2000999844179,Сладкое/Прочее/Милка,Карамель микрофон 5 гр,шт.,30,19.95,35
,,,392,Весовые товары/Мясное,АМ Курдюк бараний,кг,1.457,1576.29290617849,1892
,,,108307,Продукты Питания/Молочка/Сметана/Творог,Сметана Дарман 180гр 20пр,шт.,2,82,107
,,,1115753,Детские товары,Бутылка Малышам Широкая 330мл,шт.,5,200,270
,,,1119440,Сладкое,Мягкая карамель 300 гр,шт.,2,79.99,138
,,,95926,Детские товары,Подгузники Хелен харпер Аэр Комфорт 5-ка,шт.,4,599,720
,,,97698,Продукты Питания/Майонез/Кетчуп/Уксус и т.п.,Соус Кисло Сладкий с чили 230гр Махеев,шт.,2,78.42,105
,,,324,Весовые товары/Выпечка,Печенье Затяжное Армавирское (Альфа),кг,2.238,160.857142857143,219
,,,2000999843963,Химия/Для себя,Тенисные мячи 3 шт,шт.,2,200,265
,,,99090,Напитки/Вода,Серноводская 5л,шт.,7,65.08,90
,,,1116960,Игрушки,Нива на пульте,шт.,2,1150,1885
,,,1119232,Сладкое/Шоколадные плитки/пасты,Зефир воздушный 180 гр,шт.,1,55.99,120
,,,98323,Продукты Питания/Крупы/Макароны/Хлопья,Макароны 400гр Исмаил ассорти,шт.,24,26,40
,,,1118960,Напитки/Чай/Кисель,Чай Муслим 900 гр,шт.,3,1250,1485
,,,2000999843997,ДЛЯ КАССЫ/Аксессуары,Батарейки перферо392,шт.,2,120,160
,,,1116968,Сладкое/Батончики/бисквиты/Батончики/Пирожные,Батончик вафер ролл баунти,шт.,20,40,57
,,,1119584,Для дома,Набор отверок зеленый,шт.,3,600,850
,,,64,Весовые товары/Вес,ВС Козинаки семечка глазированная,кг,3.828,291.6,378
,,,1119302,Продукты Питания/Крупы/Макароны/Хлопья/Крупы,Зеленый горошек бондюэль 360 гр,шт.,2,128.32,172
,,,2000999844148,Продукты Питания/Крупы/Макароны/Хлопья/Крупы,Булгур корона кавказа 1 кг,шт.,6,88,115
,,,99264,Продукты Питания/Молочка/Йогурт/Пудинг,Йогурт Чудо 290гр,шт.,12,82.9183333333333,110
,,,1118771,Игрушки,Ленд крузер на пульте,шт.,1,520,850
,,,2000999844067,Напитки/Соки,Мед натуральный степной 370 гр,шт.,2,204.7,350
,,,107627,Сигареты,Классик Ултима Слимс,шт.,15,170,210
,,,1117184,Чипсы,Хот ланч острая курица 50 гр,шт.,22,16.1,25
,,,100800,Продукты Питания,лепешки тортильи деликадос 400гр,шт.,1,146.41,178
,,,1118460,Химия/Бытовая химия,Азелит антижир для казана 600 мл,шт.,13,130,167
,,,96643,Детские товары,Подгузники Памперс джамбо пак 4 70шт,шт.,3,1090,1350
,,,111010,Сладкое/Домашняя выпечка,Орешки 350гр Альфия Карамель,шт.,4,154,188
,,,2000999844139,Весовые товары/Мясное,Коктейль из морепродуктов в масле 200 гр,шт.,1,198,238
,,,1116906,ДЛЯ КАССЫ/Кухня,Коктейл молоч белковый Чок милк Ассорти 480 мл,шт.,4,155,190
,,,97011,Сладкое/Шоколадные плитки/пасты,Чококрем 400гр Улкер,шт.,4,340,408
,,,101616,Посуда,Накладные простые,шт.,22,20,60
,,,1119625,Игрушки,Игровой набор доска с утюгом,шт.,1,1000,1475
,,,2000999844097,Кошачьи товары,Корм феликс 75 гр  желе,шт.,14,25,35
,,,149,Весовые товары/Конфеты,Конфеты Как Так,кг,3.484,439.36,614
,,,980,Весовые товары/Выпечка,Печенье Сахарное Агеевское в Глазурии (Альфа),кг,2.048,400.333333333333,497
,,,286,Весовые товары/Мясное,МД Абуев Колбаса Чеченская,кг,3.251,435,525
,,,1119022,ДЛЯ КАССЫ/Посуда,Чайник заварочный 1.2 л,шт.,1,545,850
,,,106572,Продукты Питания/Майонез/Кетчуп/Уксус и т.п.,Майонез Слобода Шашлычный 320гр,шт.,2,82.23,98
,,,1118413,Сладкое/Мороженое,Мороженое сэндвич BITE ME 80 гр,шт.,7,72,95
,,,103242,Продукты Питания/Молочка/Сыр/Копченый Сыр,Сыр Косичка Кизлярская,шт.,3,75,100
,,,109515,Сладкое/Вафли/Зефир,Печенье БелВита 253гр Какао,шт.,4,159.99,185
,,,96541,Продукты Питания/Молочка/Сыр/Копченый Сыр,Сыр творожный 140гр Хохланд,шт.,6,87.99,170
,,,1119461,Химия/Для себя,Пемза зингер дерево,шт.,8,125,178
,,,107329,Кошачьи товары,Корм Для Кошек 75гр Феликс Бекон,шт.,5,25.99,33
,,,107419,Сладкое/Мороженое,Мороженое Экзо 520гр,шт.,1,400,485
,,,2000999844318,Детские товары,Лулу шампунь и гель 300 мл,шт.,3,317,385
,,,107770,Сладкое/Мармелад/Драже/Карамель/Мармелад,Мармелад 20г Секрет лав,шт.,13,15.56,25
,,,101199,Сладкое/Прочее/Кукурузные палочки/Поп Корн,ПопКорн сливочный Сладкий 200гр Бабушкин огород,шт.,12,85.4166666666667,110
,,,104064,Фрукты/Сухофрукты,Цукаты таблетки 300гр Аль Ихляс,шт.,2,180,248
,,,110362,Продукты Питания/Консервы/Зелень,Зеленый горошек 400гр Исмаил,шт.,8,60,87
,,,96501,ДЛЯ КАССЫ/Леденцы,Дирол,шт.,676,3.6,6
,,,1118545,Сладкое/Мармелад/Драже/Карамель,Жвачка со вкусом  арбуза 13 гр,шт.,17,10.63,20
,,,1118632,Весовые товары/Конфеты,Мини плитка шониз,шт.,16,24.0333333333333,35
,,,1118508,Химия/Ароматная,Армотизатор воздуха зима 250 мл,шт.,2,99,130
,,,1119713,ДЛЯ КАССЫ/Химия,Дезодарант шариковый Амвэй,шт.,2,550,657
,,,98519,Химия/Для себя/Мыло,Мыло Дав 135гр,шт.,12,87,130
,,,1118654,Напитки/Соки,J7яблоко 0.33 мл,шт.,2,71.99,135
,,,2000999843994,ДЛЯ КАССЫ/Аксессуары,Батарейки перферо 377,шт.,2,120,160
,,,98288,Продукты Питания/Специи,Чеснок гранулированный 30гр Кубанское лето,шт.,1,35,50
,,,96544,Продукты Питания/Молочка/Йогурт/Пудинг,Йогурт Нежный 100гр 1.2пр,шт.,8,23.42,30
,,,246,Весовые товары/Мясное,Колбаски гриль говядина,кг,5.048,590,708
,,,1115946,Фрукты/Овощи/Зелень/Фрукты/Ягоды,Облепиховый чай Агама 250 гр,шт.,2,155.53,190
,,,1118461,Электроника,Шнур х112,шт.,4,230,300
,,,1119594,Обувь,Иглы для мяча,шт.,100,3.5,10
,,,109945,Детские товары,Салфетки Влажные Ловулар 100шт,шт.,1,131.43,180
,,,101145,Напитки/Кофе/Какао/Сливки/Кофе,Кофе Арабика в зернах 250гр Кофейня,шт.,2,459.56,552
,,,108610,Продукты Питания/Павильное Питание,Хлебцы Dr.Korner 90гр Клюква,шт.,6,68.84,103
,,,1118937,Посуда,Набор доски 3 шт,шт.,1,1150,1450
,,,1118922,Весовые товары/Вафли вес,Печенье овсяное 1 кг,шт.,3,183,245
,,,1119731,Химия/Для себя,Сильвер Губка для обуви бесцветный,шт.,6,120,147
,,,1118492,Сладкое/Домашняя выпечка,Чайник электрический синтек 1.8 л,шт.,2,866.67,1250
,,,2000999844064,Химия/Ароматная,Освежитель вохдуха морской бриз,шт.,4,98.1,185
,,,1402,Продукты Питания/Майонез/Кетчуп/Уксус и т.п.,Уксус Исмаил 350мл 9 пр,шт.,5,47,72
,,,95737,Обувь,Крем блеск 50мл СИЛЬВЕР,шт.,8,80,110
,,,2000999844218,Детские товары,Екосан кондиционер 1 л,шт.,2,315,385
,,,96433,Продукты Питания/Молочка/Сыр/Копченый Сыр,Сыр творожный Воздушный 150гр Савушкин банка,шт.,3,113.4,138
,,,100801,Продукты Питания,лаваш деревенский 270 гр,шт.,11,94.85,125
,,,1086,Весовые товары/Выпечка,Сушки Люлюшки (МС),кг,1.19,251.151428571429,338
,,,95323,Напитки/Соки,Палпи апельсин 0.45,шт.,32,54.3808333333333,85
,,,1117248,Весовые товары/Мясное,Колбаса венская 0.5 гр,шт.,1,275.12,190
,,,1118497,Сладкое/Домашняя выпечка,Чайник электрический ВВК 1.7 л,шт.,2,806.67,1350
,,,1118371,Игрушки,Бассейн 1.02 на 89 см,шт.,1,1431,2000
,,,2000999844123,Химия/Для себя/Прокладки,Влажные салфетки 120 шт вет дай,шт.,10,80,125
,,,1118117,Хлеб/Хлеб1,Буханка серая,шт.,10,40,50
,,,1118464,Электроника,Фейзфулл фз 44,шт.,1,480,650
,,,109129,Напитки/Соки,Нектар Баринофф 1л Мультифрукт,шт.,3,167.42,215
,,,103841,Сушеные Рыба/Говядина,Мясные снеки 90гр ХасПродукт,шт.,2,365,438
,,,1116809,Электроника,Кабель для зарядки ФР26,шт.,2,190,350
,,,2000999844362,Химия/Для себя,Супер клей-гель 3гр,шт.,10,30,38
,,,107189,Продукты Питания/Мариновки,Ассорти огурцы и томаты 1500гр Исмаил,шт.,6,146,180
,,,1119402,Игрушки,Акула маленькая,шт.,2,200,400
,,,102498,Напитки/Соки,Рич Кола 0.33л стекло,шт.,8,84,110
,,,1117862,Продукты Питания/Молочка/Молоко/Кефир/Сливки,Лаваш Арабский,шт.,3,60,100
,,,2000999844115,Химия/Для себя/Прокладки,Влажные салфетки Ангел 120 шт,шт.,5,100,135
,,,95326,Напитки/Соки,Палпи апельсин 0.9л,шт.,40,87.4791666666667,120
,,,1116386,Фрукты/Овощи/Зелень/Овощи,Голубика Амирия,шт.,23,191.666666666667,250
,,,96495,ДЛЯ КАССЫ/Леденцы,Турбо Жевачка,шт.,40,3,5
,,,95692,Жевачка,Конфеты миллер 38гр соленая карамель,шт.,20,29.7916666666667,50
,,,108257,Сушеные Рыба/Говядина,Куриные снеки 45гр ХасПродукт,шт.,2,141,175
,,,110901,Сладкое/Прочее/Милка,Милка пористый банан йогурт 87 гр,шт.,16,98,138
,,,1151,Продукты Питания/Молочка/Йогурт/Пудинг,Йогурт Альпенленд 320гр 0.3пр,шт.,3,70.33,96
,,,1119197,ДЛЯ КАССЫ/Кухня,Пельмени с картошкой мерз даар,шт.,2,300,360
,,,1119456,Продукты Питания/Быстрое питание,Лапша 110 гр с курицей кокомен,шт.,5,141,172
,,,71,Весовые товары/Выпечка,Маффин с цитрусом (ШНАЙДЕР) 15сут (Альфа),кг,1.694,286.5,388
,,,1554,Весовые товары/Мясное,Курица Замороженная,шт.,1,550,667
,,,1119460,Химия/Для себя/Бритвы,Бритва джилет плюс 7 шт,шт.,1,230,280
,,,2000999844222,Детские товары,Шампунь-гель для душа мое солнышко 400 мл,шт.,3,187,228
,,,12,Фрукты/Овощи/Зелень/Овощи,Лук,кг,86.996,22,35
,,,1503,Фрукты/Овощи/Зелень/Зелень,Листья Салата,шт.,62,40,85
,,,597,Весовые товары/Выпечка,Кукуруза,кг,59.034,60,90
,,,1118855,Служебная группа,Ведро 1 л,шт.,14,13,45
,,,2000999844234,Детские товары,Пятновыводитель Мепси 400 гр,шт.,5,108,145
,,,628,Весовые товары/Конфеты,Конфеты Чоко Брейк,кг,11.598,650,786
,,,1119564,Весовые товары/Вафли вес,Ванюшкины сладости 0.75 гр,шт.,4,210,280
,,,101337,Посуда,Терка красная 142,шт.,3,220,300
,,,105988,Химия/Бытовая химия,Печенье Юбилейное Традиционное 403г,шт.,4,105,150
,,,2000999844082,Детские товары,Барбки в коробке 280,шт.,4,235,387
,,,2000999844119,Химия/Для себя/Прокладки,Олдспайс спрей 150 мл,шт.,3,220,280
,,,104213,Детские товары,Бэби Каша Гречка без молока 200гр,шт.,10,190,228
,,,1118609,Детские товары,Сок фруто няня липа и ромашка 0.2 мл,шт.,3,39.99,55
,,,99538,Химия/Для себя/Полость рта,Зубная паста Колгейт 192гр,шт.,10,102.3,130
,,,1117359,Игрушки/Пистолеты/Мячи,Стом 0.3 мл,шт.,4,52.89,75
,,,1119016,ДЛЯ КАССЫ/Посуда,Соусница Бейзик,шт.,2,140,250
,,,2000999844309,Детские товары,Грызунок сказка,шт.,2,101,147
,,,1117039,Для дома/Салфетки,Зева 8 рулонов,шт.,6,270,330
,,,1118751,Игрушки,Пластилин в лодочке,шт.,1,120,180
,,,106908,Детские товары,Бэби Каша Овсянка без молока 200гр,шт.,6,150,190
,,,103200,Напитки/Соки,Акапелла 1л Гранат,шт.,11,1,150
,,,1117075,Продукты Питания/Консервы,Килька Каспийская 350гр,шт.,5,82,110
,,,1118324,Для дома/Салфетки,Губки со стальной нитью чистюля,шт.,8,39,70
,,,1119034,ДЛЯ КАССЫ/Посуда,Сушилка Умка,шт.,7,345,550
,,,99860,Продукты Питания/Молочка/Йогурт/Пудинг,Имунеле Нео 100гр,шт.,28,30.35,48
,,,102835,Напитки/Соки,Спрайт 0.25л ЖБ,шт.,15,43.75,65
,,,1118482,Сухарики,Гренки крутой окер чеснок  65 гр,шт.,6,29.7,45
,,,111107,Напитки/Соки,Дубайский шоколад Улькер 93 гр,шт.,11,254.5,325
,,,106929,Для дома/Салфетки,Салфетки Зева ХХЛ 2рул,шт.,3,220,270
,,,1202,Напитки/Чай/Кисель,Чай Бета  ОПА 250 гр,шт.,2,265,318
,,,97806,Электроника,Батарейки Кодак LR6 АА 2 МАКС,шт.,4,90.02,130
,,,1117445,Сладкое/Конфеты/Печенья упаковки,Печенье хиппо 32 гр банан,шт.,3,13.915,20
,,,1116390,Сладкое/Прочее,Анчоус Флотская 20 гр,шт.,20,33.5,55
,,,1118731,Игрушки/Пистолеты/Мячи,Синий трактор шт,шт.,2,435,650
,,,1119045,Химия/Бытовая химия,Средство против запаха 600 мл,шт.,3,449,538
,,,1365,Сладкое/Шоколадные плитки/пасты,Плитка Казахстан 100 гр,шт.,44,130,170
,,,102978,Сладкое/Домашняя выпечка,Торт круглый МИНИ Азбука Вкуса,шт.,8,480,576
,,,107132,Продукты Питания/Крупы/Макароны/Хлопья/Крупы,Рис Корона К 2кг,шт.,5,164,198
,,,344,весовые 1/Конфеты1,Конфеты Аленка с орешками,кг,3.374,510.48,925
,,,1119195,Кошачьи товары,Корм феликс 75 гр лосось,шт.,7,25.99,33
,,,1119582,Жевачка,Доска разделочная,шт.,3,160,350
,,,1119202,Сладкое/Прочее/Киндер,Десерт воздушный 232 гр,шт.,3,150,185
,,,96503,ДЛЯ КАССЫ/Леденцы,Назар,шт.,423,2,6
,,,1115637,ДЛЯ КАССЫ/Леденцы,Тудей Данон пончик,шт.,33,19.5833333333333,30
,,,1118875,Химия/Бытовая химия,Освежитель воздуха свежесть белья,шт.,1,854.9,1085
,,,100537,Сладкое/Конфеты/Печенья упаковки,Драже арахис в шоколадной глзури 500гр Ореховичи,шт.,8,374.4,450
,,,103045,Фрукты/Сухофрукты,Орех Грецкий 200гр Аль Ихляс,шт.,8,140,175
,,,107676,Электроника,Лампа Шар 20вт Космос Е27,шт.,6,70.416,100
,,,1119675,Химия/Для себя,Аромасвеча квадратная,шт.,6,150,250
,,,108294,Детские товары,Кабрита Голд 2 800гр Ж/Б,шт.,3,2800,3425
,,,108611,Продукты Питания/Павильное Питание,Хлебцы Dr.Korner 90гр Клюква Черн Смородина,шт.,1,68.84,103
,,,1118803,Канцтовары,Альбом для рисования 16 листов,шт.,1,39,70
,,,108453,Служебная группа,Албени Улькер 40гр,шт.,1,34.4166666666667,50
,,,2000999843951,Игрушки,Пистолет 209,шт.,4,32,50
,,,26373,Продукты Питания/Майонез/Кетчуп/Уксус и т.п.,Майонез Кальве 400 гр,шт.,24,75,100
,,,1119597,Химия/Для себя,Пемза жел,шт.,2,75,110
,,,109206,Продукты Питания/Молочка/Йогурт/Пудинг,Коктель Даниссимо 190гр,шт.,1,83.99,98
,,,1117197,Напитки/Соки,Чипсы баст сметана лук 70 гр,шт.,8,122,150
,,,442,Весовые товары/Выпечка,Печенье Сгущеное молоко 8мес (Альфа),кг,8.238,144.666666666667,207
,,,104325,Продукты Питания/Крупы/Макароны/Хлопья/Крупы,Малютка 3 1200г,шт.,3,1100,1320
,,,1116531,Игрушки/Пистолеты/Мячи,Мяч Футбольный,шт.,9,230,320
,,,100264,Напитки/Кофе/Какао/Сливки/Кофе,Кофе МакКофе 16гр 3 в 1 Макс клакссик штучно,шт.,42,10.81,18
,,,1119485,Химия/Для себя/Шампунь,Сетка штучно,шт.,12,40,65
,,,1119214,Химия/Для себя/Полость рта,Зубная паста аквафреш 100 мл,шт.,3,84,120
,,,97249,Продукты Питания/Молочка/Сметана/Творог,Творог классичечкий Савушкин 300гр 1пр,шт.,1,118.8,145
,,,94980,Сухарики,Сухарики 40гр 3 КОРОЧКИ,шт.,1,14.8,20
,,,109380,Фрукты/Сухофрукты,Мальтизерс 110гр,шт.,3,240,290
,,,2000999844004,Продукты Питания/Полуфабрикаты,Мороженое Хабиби манго-маракуя,шт.,7,125,160
,,,2000999844291,Детские товары,Грызунок сказка 1810,шт.,2,92,125
,,,1118732,Игрушки/Пистолеты/Мячи,Гоночная машина,шт.,6,128,180
,,,103902,Химия/Бытовая химия/Порошки,Порошок Продокса для белого 3кг,шт.,2,335,412
,,,1119044,Химия/Бытовая химия,Средство для прочистки труб,шт.,4,185,222
,,,98426,Продукты Питания/Крупы/Макароны/Хлопья/Крупы,Геркулес 500гр Цолода,шт.,2,32,48
,,,1118962,Напитки/Чай/Кисель,Чай Муслим пакеты 80 гр,шт.,3,270,325
,,,1117293,Масла/Масла сливочные,Масло брест сливочное 180 гр,шт.,2,218.4,263
,,,1119522,Служебная группа,Колготки детские катая,шт.,5,155,300
,,,101150,Напитки/Кофе/Какао/Сливки,Цикорий 85гр ЭкоЛогика,шт.,2,260,325
,,,1118954,Сушеные Рыба/Говядина,Желтый полосатик 20 гр флотская,шт.,9,52.54,80
,,,1119441,Сладкое,Мед таежный 350 гр,шт.,2,143.99,220
,,,1119494,Химия/Для себя/Шампунь,Ножницы 802-34,шт.,1,265,335
,,,1119568,Сигареты,Чапман тонкий,шт.,9,250,300
,,,9899,ДЛЯ КАССЫ/Подгузники,Тапочки женские 2,шт.,27,410,600
,,,1115653,Напитки/Соки,Икра ароматом копчения 180гр,шт.,1,127,155
,,,1117317,Весовые товары/Конфеты,манты с мясом мерз даар,шт.,2,450,525
,,,99634,Сладкое/Домашняя выпечка,Мерси 250 гр синий,шт.,6,290,397
,,,1334,Напитки/Кофе/Какао/Сливки,Каппучино 20порций UNO MOMENTO,шт.,18,262,315
,,,1119632,Химия/Для себя,Кукла клубничка большая,шт.,3,1200,1850
,,,1119125,Детские товары,Симилак низколактозный 375 гр,шт.,1,1350,1500
,,,2000999844235,Детские товары,Порошок Бимбо 350 гр,шт.,4,43,75
,,,349,Весовые товары/Выпечка,Пряники Традиционные Агеевские 3мес (Альфа) 66дн,кг,1.408,288.571428571429,365
,,,2000999844009,Весовые товары/Конфеты,Пломбирка 200гр,шт.,1,116.333333333333,170
,,,110696,Сладкое/Прочее/Милка,Плитка Милка 100гр,шт.,7,110,145
,,,110527,Продукты Питания/Консервы/Мясо,Килька в томатном соусе 175гр ЗА РОДИНУ,шт.,1,81.63,107
,,,1119576,Для дома,Веник и совок,шт.,2,150,250
,,,1119495,Химия/Для себя/Шампунь,Пилка для ногтей зингер 802,шт.,6,55,80
,,,1118451,Посуда,Стаканы моя цена 12 шт 500 мл,шт.,8,74.99,107
,,,2000999844254,Детские товары,Детский нагрудник,шт.,5,35,60
,,,1119221,Сладкое/Мармелад/Драже/Карамель,Жвачка фрешбокс 12.6 гр,шт.,3,20,30
,,,1119037,ДЛЯ КАССЫ/Посуда,Коврик силиконовый большой,шт.,1,400,585
,,,2000999844227,Детские товары,Фито эмульсия наша мама от сухости 300 мл,шт.,3,242,292
,,,1118582,Электроника,Магнитный держатель для телефона ф 64,шт.,1,260,450
,,,1118811,Для дома,Очиститель для стекл грасс,шт.,1,180,230
,,,103746,Детские товары,Подгузники Хаггис мальчикам 6 44шт,шт.,4,950,1200
,,,99136,Сладкое/Домашняя выпечка,Тунец Норвежская 40 гр,шт.,16,130,170
,,,100272,Продукты Питания/Павильное Питание,Коко шоколад 40 гр,шт.,30,57.2,88
,,,110315,Продукты Питания/Крупы/Макароны/Хлопья,Кашка Минутка слив Вкус пак 43гр,шт.,13,13.7,20
,,,1118639,Напитки/Соки/Энергетик,Торнадо энергетик 1 л,шт.,8,115,150
,,,1116996,Детские товары,Чудо йогурт соленая карамель,шт.,1,64.99,90
,,,2000999844386,Химия/Для себя/Полость рта,Зубная паста мое солнышко клубника 65 гр,шт.,5,61.33,0
,,,110638,Химия/Бытовая химия,Имбирь маринованный Текемура 300 гр,шт.,1,128.25,168
,,,103081,Фрукты/Сухофрукты,Фундук 300гр Аль Ихляс,шт.,8,250,315
,,,106917,Электроника/Гаджеты,Флешка 64гб,шт.,1,560,700
,,,9688,ДЛЯ КАССЫ/Прочее.,Мороженое Стаканчик,шт.,277,11.5,17
,,,2000999844073,Продукты Питания/Консервы/Зелень,Зеленый горошек от Иваныча 400 гр,шт.,8,57.08,83
,,,1119595,Посуда,Чайник заварочный,шт.,4,350,550
,,,96451,Детские товары,Подгузники Памперс джамбо пак 2 94шт,шт.,3,1130,1350
,,,2000999844294,Детские товары,Набор держателей для соски 2 шт,шт.,4,370,450
,,,1115626,Сладкое/Прочее/Милка,Плитка риттер спорт 100гр Кокос,шт.,3,166,200
,,,110067,Для дома,Спутник Удленитель 5м,шт.,1,333.883333333333,435
,,,102818,Напитки/Соки,Сок Добрый Апельсин 0.33л ЖБ,шт.,6,53.0833333333333,75
,,,110212,Служебная группа,Космос Лампочка 30Вт,шт.,1,119.799,160
,,,102981,Сладкое/Домашняя выпечка,Десерт День Ночь Азбука Вкуса,шт.,4,250,300
,,,108444,Служебная группа,Морковь По-Корейски Со Спаржей 300гр,шт.,1,63.99,140
,,,1118941,Посуда,Кружки 6 шт 125,шт.,1,590,785
,,,2000999844392,Химия/Для себя/Полость рта,Аэрозоль с блоком лазурная волна 269мл,шт.,1,854.9,0
,,,72,Весовые товары/Выпечка,Печенье бисквитное Панкейк со сгущенкой 3мес (Альфа) 72дн,кг,8.714,396.875,455
,,,2000999844353,Химия/Для себя,Бритва Бик 3 сенс,шт.,5,427,515
,,,2000999844048,Жевачка,Протеиновый батончик баунти 51 гр,шт.,5,250,300
,,,97131,Сладкое/Домашняя выпечка,Орешки Азбука Вкуса,шт.,4,180,218
,,,96214,Продукты Питания/Молочка/Молоко/Кефир/Сливки,Молоко Простоквашино 950мл 2.5пр,шт.,1,101.99,140
,,,100165,Продукты Питания/Крупы/Макароны/Хлопья/Крупы,Чечевица красная  1000гр Цолода,шт.,2,120,132
,,,1116306,Продукты Питания/Молочка/Йогурт/Пудинг,Чудо творожок 2 слоя 100 гр,шт.,3,56.99,78
,,,96540,Продукты Питания/Молочка/Сыр/Копченый Сыр,Сыр творожный для кулинарии 400гр Хохланд,шт.,6,357,430
,,,2000999844184,Сладкое/Прочее/Милка,Сластилэнд в форме льва 35 гр,шт.,30,8,20
,,,1118404,Игрушки,Автозонт,шт.,1,400,650
,,,1119151,Продукты Питания/Консервы/Мясо,Шоколадная паста полосатый рейс 750 гр,шт.,2,205,265
,,,108584,Напитки/Кофе/Какао/Сливки/Кофе,Кофе Фреско Блэк 90гр,шт.,3,351,422
,,,102210,Продукты Питания/Молочка/Сыр/Копченый Сыр,Сыр плавленый Хохланд 140гр Сливочный,шт.,3,123.99,153
,,,1119545,Продукты Питания/Мука/Сахар/Соль/Крахмал/Сахар,Чай калмыцкий 250 гр,шт.,3,345,415
,,,95312,Напитки/Соки,Сок Сюрприз 0.28л,шт.,10,56,85
,,,100557,Продукты Питания/Молочка/Йогурт/Пудинг,Гек сливочный 4.7 100 гр,шт.,34,29.5833333333333,38
,,,1118920,Весовые товары/Вафли вес,Печенье Утики 1 кг,шт.,1,260,320
,,,2000999844373,Сладкое/Батончики/бисквиты/Батончики/Пирожные,Милка экстра бискофф 190 гр,шт.,5,315,385
,,,894,Весовые товары/Мясное,Колбаса чеченская Аль Раян Абуев,кг,0.827,364,445
,,,2000999844019,Посуда,Гель для стирки Стиралити 2.75 мл,шт.,2,386,772
,,,1119605,Химия/Для себя,Пемза инт,шт.,10,35,55
,,,2000999844075,ДЛЯ КАССЫ/Кухня,Набор ножей,шт.,4,216,350
,,,1117142,Продукты Питания/Быстрое питание,Цельно зерновой,шт.,2,28,0
,,,233,Весовые товары/Драже,Драже Арахис в молочной шоколадной глазури 3 мес (Альфа) 84дн,кг,0.968,422,508
,,,2000999844133,Продукты Питания/Мука/Сахар/Соль/Крахмал/Сахар,Сахар кусковой 500 гр,шт.,8,80,120
,,,104583,Химия/Для себя,Сердце Бонилон драже Колушки 800гр,шт.,2,385.67,474
,,,1118902,Сладкое/Мороженое,Крузя весовой ваниль 1 кг,шт.,2,330,396
,,,109351,Напитки/Соки,Монте Дью 0.33,шт.,24,39.5833333333333,60
,,,1007,Весовые товары/Конфеты,Конфеты Витамин С,кг,2.964,580,850
,,,1118417,Продукты Питания/Полуфабрикаты,Прослойки с мясом Вкуснотеево,шт.,1,150,190
,,,1118973,Химия/Для себя/Салфетки влажные,Желтый полосатик сухогруз 36 гр,шт.,1,105,125
,,,111459,Напитки/Кофе/Какао/Сливки/Кофе,Чибо голд 95гр,шт.,5,280,336
,,,2000999844003,Продукты Питания/Полуфабрикаты,Экскимо даканца с урбечом 80 гр,шт.,18,72,95
,,,2000999844044,Напитки/Чай/Кисель,Протеинововое печенье Марс с соленой карамелью,шт.,10,250,297
,,,105730,Химия/Бытовая химия,Порошок БиМакс 3кг,шт.,6,285,348
,,,2000999844198,Детские товары,Детский гель для купания с пантенолом,шт.,3,175,215
,,,1117259,Сладкое/Батончики/бисквиты/Батончики/Пирожные,Леденец токсик 42 гр голубая,шт.,8,102,135
,,,886,Весовые товары/Вафли вес,Мармелад Дивная Ягода Альфа,кг,5.208,350,420
,,,100201,Химия/Для себя/Прокладки,Прокладки Олвейс 7шт,шт.,1,126,157
,,,1118856,Служебная группа,Ведро 0.7 мл,шт.,11,12,25
,,,1117480,Сладкое/Шоколадные плитки/пасты,Плитка натс 180 гр брауни,шт.,4,160,200
,,,2000999843966,Химия/Для себя,Кукла в очках,шт.,2,500,750
,,,106930,Для дома/Салфетки,Полотенце 60шт ГринЛайн Белая,шт.,5,150,185
,,,1119062,Канцтовары,Бумага для записей желтая,шт.,10,15,35
,,,1119097,Для дома/Салфетки,Туалетная бумага плюше 4 рулона 2 слоя,шт.,7,56.07,83
,,,103129,Продукты Питания/Майонез/Кетчуп/Уксус и т.п.,Кетчуп чили,шт.,30,56.67,78
,,,858,Весовые товары/Мясное,Кусочки Филе Цыпленка в Панировке,кг,10.634,416.4,507
,,,1119323,Продукты Питания/Павильное Питание,Сен сой ми фо бо 65 гр,шт.,6,97.2,123
,,,98958,Сушеные Рыба/Говядина,Горбуша филе вяленое 25гр Беерка,шт.,7,46,75
,,,96113,Продукты Питания/Молочка/Йогурт/Пудинг,Йогурт Эрмигурт легкий 0.3пр 100гр,шт.,16,28.21,35
,,,1117476,Сладкое/Батончики/бисквиты/Булочки/Кексы,Пончик клубничный 40 гр,шт.,4,33.9583333333333,43
,,,2000999844374,весовые 1/Мясное1,Соевое мясо пряная палочка 92 гр,шт.,17,91,135
,,,1119074,Сладкое/Батончики/бисквиты,Веник простой 2,шт.,14,180,280
,,,2000999844447,Семечки,Мактеа с лимоном 16 гр,шт.,60,10.73,
,,,1368,Сладкое/Шоколадные плитки/пасты,Плитка Аленка 60 гр,шт.,12,50,80
,,,95351,Напитки/Вода,Кубай 0.5л,шт.,23,30,45
,,,1119606,Химия/Ароматная,Дезодоранты ассорти,шт.,87,115,350
,,,1118670,Сладкое/Конфеты/Печенья упаковки,Печенье традиционное юбилейное шоколад 224 гр,шт.,6,68,110
,,,1117250,Продукты Питания/Павильное Питание,Протеиновый кейк десерт 70 гр,шт.,5,104.4,133
,,,1119033,ДЛЯ КАССЫ/Посуда,Скалка деревянная,шт.,1,125,200
,,,97176,Сухарики,Хрустяшки 50гр Войска,шт.,35,13.5,20
,,,1119191,Напитки/Вода,Экспонента био-скир ананас 500 гр,шт.,9,160.666666666667,195
,,,101887,Детские товары,Крем под подгузник 175мл Наша Мама,шт.,3,271,327
,,,95300,Напитки/Соки,Сок Ириб 0.75л,шт.,12,108.333333333333,135
,,,1118952,Напитки/Соки,J7 Ассорти 0.97л т/пакет вишня,шт.,7,155.99,320
,,,96284,Химия/Для себя/Бритвы,Лезвие Рапира 10шт,шт.,7,30,50
,,,2000999844226,Детские товары,Детский шампунь наша мама,шт.,3,250,307
,,,1119484,Химия/Для себя/Шампунь,Сетка САФИ,шт.,7,11,20
,,,97139,Продукты Питания/Майонез/Кетчуп/Уксус и т.п.,Кетчуп Хеинз 320гр,шт.,25,103.27,135
,,,101021,Чипсы,Читос 85г,шт.,20,75,110
,,,98113,Напитки/Вода,Кайтаг 5.07л,шт.,6,60,85
,,,132,Весовые товары/Конфеты,Конфеты Леденцовая карамель,кг,3,405,498
,,,98031,Напитки/Соки/Энергетик,Энергетик Флеш вкусовой 0.45л ЖБ,шт.,54,53.3333333333333,85
,,,100728,ДЛЯ КАССЫ/Кухня,Колбаса полукопченная Сельская кольцо 400 гр Сатурн,шт.,3,308,375
,,,106568,Продукты Питания/Молочка/Йогурт/Пудинг,Йогурт Теос Греческий 2пр 140гр,шт.,6,51.19,88
,,,584,Весовые товары/Выпечка,Печенье Лукошко ( Арма ),кг,1.234,276.666666666667,340
,,,1119766,Химия/Для себя/Полость рта,Зубной порошок мятный 140 гр,шт.,3,49.72,0
,,,1118928,Электроника/Гаджеты,Микро флешка на 32 гб,шт.,1,390,550
,,,1118498,Сладкое/Домашняя выпечка,Чайник электрический стеклянный 1.8л,шт.,2,945.71,1500
,,,95319,Напитки/Соки,Кока Кола 0.33л Ж Б,шт.,49,45.8333333333333,65
,,,2000999843959,Химия/Для себя,Кукла негр в коробке,шт.,2,700,985
,,,104447,Продукты Питания/Майонез/Кетчуп/Уксус и т.п.,Томатная паста 280г Кубанская трапеза,шт.,3,62.4,88
,,,105836,Продукты Питания/Консервы/Мясо,Филе Сардина по-венгерски 105гр ЗА РОДИНУ,шт.,6,105.45,130
,,,99717,Сладкое/Домашняя выпечка,Торт Маркиза Азбука вкуса,шт.,2,480,575
,,,1119634,Химия/Для себя,Аромасвеча квадрвтная к 023,шт.,12,150,220
,,,1115513,Продукты Питания/Быстрое питание,Доширак плюс 105гр,шт.,30,63.8333333333333,78
,,,2000999844375,Продукты Питания/Мука/Сахар/Соль/Крахмал,Сахар кускавой 2 кг,шт.,1,327.2,397
,,,2000999844354,Химия/Для себя,Бритва Бик леди 10 шт,шт.,10,291,347
,,,2000999844047,Жевачка,Протеиновый батончик мммдмс 51 гр,шт.,7,250,300
,,,1117824,Напитки/Соки,Сок Амбре 0.75 мл гранат,шт.,9,119,150
,,,107576,Продукты Питания/Молочка/Сыр/Копченый Сыр,Сыр Натура 150гр,шт.,1,122.54,160
,,,1118886,Продукты Питания/Павильное Питание,Драже леди баг,шт.,4,30.65,50
,,,1119592,Служебная группа,Игра УНО,шт.,2,50,150
,,,110211,Служебная группа,Космос Лампочка Шар 30Вт,шт.,5,148.878,225
,,,1119222,Напитки/Вода,Стик из говядины Абуев,шт.,1,143,175
,,,100916,Сладкое/Мармелад/Драже/Карамель/Мармелад,мармелад крутфрут осьминожки 100гр,шт.,16,38.9,55
,,,101505,Сладкое/Прочее/Милка,Плитка Милка 100гр Дробленый фундук,шт.,22,103,145
,,,99305,Продукты Питания/Майонез/Кетчуп/Уксус и т.п.,Томатная паста 1000гр Кубанская трапеза,шт.,4,200.56,248
,,,723,Весовые товары/Выпечка,Халва подсолнечное Альфа,кг,4.944,177.4,217
,,,1119743,Сладкое/Мармелад/Драже/Карамель,Скитлс драже 152 гр лесные ягоды,шт.,3,159,198
,,,96331,Масла/Масла сливочные,Маргарин Саратовский домашний 180гр 60пр,шт.,5,32,44
,,,1118340,Служебная группа,Мужские духи Шанель 100 мл,шт.,4,329,2350
,,,102884,Детские товары,Подгузники Молфикс 6-ка 38шт,шт.,3,600,710
,,,2000999844217,Детские товары,Бимбо кондиционер 2 л,шт.,2,285,342
,,,104206,Служебная группа,Дневник Школьный,шт.,4,65,117
,,,460,Весовые товары/Выпечка,Печенье сгущенкино раздолье 8мес (Альфа),кг,3.088,210.6,275
,,,100337,Химия/Для себя/Мыло,Мыло Декс клюсив 4штХ90гр 360гр,шт.,4,122,148
,,,1049,Весовые товары/Конфеты,Конфеты Тоффико жевательная Альфа,кг,3.38,317.8,398
,,,99455,Кошачьи товары,Ошейник Антипаразитарный 35см,шт.,1,180,225
,,,369,Весовые товары/Мясное,АМ Колбаса Мусульманская,кг,5.92999999999999,699.020183486238,838
,,,1119676,Для дома,Фольга форма 450 мл,шт.,45,9,20
,,,1119626,Игрушки,Кукла грей беби,шт.,2,950,1350
,,,96129,Напитки/Кофе/Какао/Сливки/Кофе,Кофе Маккофе 3 в 1 Оригинал 20г х 100 х 10,шт.,2,1436,1715
,,,141,Весовые товары/Конфеты,Конфеты Кремка,кг,9.046,123.7,285
,,,98980,Напитки/Вода,Минералка Нарзан 0.5л стекло,шт.,28,42.2222222222222,90
,,,104095,весовые 1/Вафли вес1,Печенье тук чиз,шт.,53,65,90
,,,106949,Детские товары,Печенье 270гр Когда я выросту,шт.,4,85,115
,,,1116655,Продукты Питания/Консервы/Мясо,Соус АВИРА вяленные томаты 200 мл,шт.,10,51,76
,,,313,Весовые товары/Мясное,ММ Сосиски Чеченские,кг,1.948,440,528
,,,95994,Для дома/Скотч/Изолента,Изолента ПВХ 25м рексант,шт.,19,45,70
,,,106998,Продукты Питания/Павильное Питание,Заменитель Сахара Фит7 Зеленый 180гр,шт.,5,309.84,372
,,,97925,Химия/Для себя/Полость рта,Зубная паста Колгейт 50мл Макс Фреш,шт.,1,179,220
,,,8101,ДЛЯ КАССЫ/Химия,Миски Зам - Зам,шт.,5,200,400
,,,100280,Напитки/Соки,Рич 0.5л,шт.,44,64.4166666666667,90
,,,1117282,Продукты Питания/Молочка/Сметана/Творог,Творог экспонента топленое молоко,шт.,1,168.5,205
,,,99,Весовые товары/Конфеты,Конфеты Апельсиновая РотФронт,кг,2.758,243,292
,,,95322,Напитки/Соки,Фанта 0.33л Стекло,шт.,1,80,105
,,,99688,Химия/Для себя/Шампунь,Шампунь Пантин 400мл,шт.,69,150,270
,,,109743,ДЛЯ КАССЫ/Прочее.,Сивак,шт.,31,32,100
,,,2000999844301,Детские товары,Паомма стекло бутылочка 180 мл,шт.,4,570,685
,,,1118897,Продукты Питания/Полуфабрикаты,Перец фаршированый Зарета,шт.,3,280,420
,,,111339,Сладкое/Конфеты/Печенья упаковки,Драже 500гр Камешки Хива,шт.,3,365,438
,,,2000999844204,Детские товары,Бутылочка сказка 120 мл стекло,шт.,4,330,450
,,,1118348,Служебная группа,Духи женские Шанель 100 мл,шт.,2,299,2350
,,,100637,Химия/Для себя/Салфетки влажные,Салфетки Плюш 2 слоя 230листов в коробке,шт.,6,110,140
,,,106852,Напитки/Кофе/Какао/Сливки,Кофе 3в1 Бридже 20гр Лесной Орех,шт.,3,8.6,15
,,,107776,Фрукты/Сухофрукты,Вишня Сушенная 300гр Фооджейран,шт.,1,211,265
,,,1118531,Напитки/Соки,Фанат напиток 0.500 мл,шт.,6,49.7475,75
,,,1119686,Продукты Питания/Полуфабрикаты,Манты с мясом 1 кг хазчам,шт.,5,520,625
,,,100902,Сладкое/Конфеты/Печенья упаковки,драже ОС крекер рыбка 500гр,шт.,9,336.45,405
,,,2000999843941,Игрушки,Бильярд 768,шт.,1,1700,2250
,,,2000999843989,ДЛЯ КАССЫ/Аксессуары,Кабель Х-110,шт.,3,160,300
,,,107151,Временно,Конфеты Птица Дивная Десерт 2кг,шт.,1,388,485
,,,95221,Сладкое/Прочее,Раффаэло 200 гр,шт.,1,540,695
,,,106886,Продукты Питания/Консервы/Мясо,Сельди  тихоокеан/натур 245гр Доброфлот,шт.,3,136.07,165
,,,1118752,Игрушки,Слайм в банке,шт.,5,80,120
,,,1345,Сладкое/Прочее/Киндер,Киндер буено 43гр,шт.,56,77,100
,,,2000999844120,Химия/Для себя/Прокладки,Рексона гель для душа 200 мл,шт.,6,85,137
,,,2000999844310,Детские товары,Грызунок сказка 1,шт.,1,72,98
,,,95952,Сигареты,Винстон XS,шт.,35,254,270
,,,2000999844213,Детские товары,Бимбо гель для стирки 2 л,шт.,2,332,412
,,,1118509,Химия/Ароматная,Армотизатор воздуха антитабак 250 мл,шт.,4,106.02,137
,,,96424,Продукты Питания/Павильное Питание,Заменитель сахара 60гр 60шт Фит Парад 8,шт.,3,142.05,174
,,,1118476,Электроника,Набор для автомобиля заряд,шт.,2,750,1000
,,,2000999844083,Детские товары,Барби в коробке 1804,шт.,2,225,378
,,,98201,Детские товары,Малютка 2 1200гр,шт.,2,1100,1320
,,,1118592,Продукты Питания/Молочка/Йогурт/Пудинг,Плитка Альпен Голд 85 гр пористый,шт.,5,79.99,120
,,,1118443,Химия/Бытовая химия,Патчи гидрогелевые,шт.,97,70,385
,,,95086,Продукты Питания/Специи,Лавровый лист 30гр КУБАНСКОЕ ЛЕТО,шт.,9,40,60
,,,2000999844180,Сладкое/Прочее/Милка,Жевательная резинка Бабл пайп,шт.,56,11.27,20
,,,106121,Сладкое/Шоколадные плитки/пасты,Плитка Яшкино молоч 90 гр,шт.,10,102.35,128
,,,1118955,Сушеные Рыба/Говядина,Карибус 25 гр флотская,шт.,35,67.37,100
,,,103491,яя Подарки,Свечи Фонтан 3шт 60сек МФ - 010,шт.,3,140,200
,,,390,Весовые товары/Выпечка,Пряники Ароматон Ассорти Агеевские (Альфа),шт.,3.418,262,328
,,,1119481,Химия/Для себя/Шампунь,Гель для душа камей 400 мл,шт.,8,120,150
,,,1117363,Сладкое/Мороженое,Мороженое марзо бел,шт.,12,40,57
,,,101338,Посуда,Терка белая 144,шт.,3,350,450
,,,2000999844126,Для дома,Формочки,шт.,4,250,350
,,,106883,Напитки/Соки/Энергетик,Red bull 0.25л вкусовой,шт.,322,108.333333333333,140
,,,1272,Сладкое/Прочее,Чоко Пай  6шт LOTTE,шт.,18,70.3125,100
,,,1119326,Продукты Питания/Крупы/Макароны/Хлопья/Крупы,Рис корона кавказа 3 кг,шт.,3,243,291
,,,97319,Напитки/Кофе/Какао/Сливки/Кофе,Кофе Тчибо 190гр Голд коллекция,шт.,3,445,535
,,,1119005,ДЛЯ КАССЫ/Посуда,Электроплитка м1,шт.,1,1110,1545
,,,2000999844005,Сладкое/Мороженое,Часы на руку,шт.,2,1750,2300
,,,1119586,Одежда,Свечи 100 шт,шт.,3,450,800
,,,95201,Напитки/Соки,Квас приморский 1.25л DENEB,шт.,26,72.42,105
,,,2000999844142,Напитки,Ачалуки 1.5 л лимон-лайм,шт.,6,36.6666666666667,55
,,,108450,яя Подарки,Влажные салфетки Конфорт Розе 120шт,шт.,9,123,150
,,,2000999844002,ДЛЯ КАССЫ/Аксессуары,Батарейки дюрасел ЛР6,шт.,12,80,120
,,,94920,Сладкое/Вафли/Зефир,Macarons 48гр АКУЛЬЧЕВ,шт.,11,117.85,147
,,,10053,Сладкое/Домашняя выпечка,Сосиски Говяжьи Дарман 1,шт.,2,252,315
,,,1117402,Продукты Питания/Морепродукты,Икра трески 120 гр,шт.,2,125.68,155
,,,1116313,Сладкое/Мармелад/Драже/Карамель,Карамель леденцовая Кенди 200 гр,шт.,15,249.91625,275
,,,1118929,Электроника/Гаджеты,Флешка 256 гб,шт.,1,1450,1750
,,,1119741,Продукты Питания/Крупы/Макароны/Хлопья/Крупы,Пшено корона кавказа 500гр,шт.,5,28,50
,,,102845,Детские товары,Подгузники Молфикс 5-ка 44шт,шт.,3,720,900
,,,1119746,Сладкое/Мармелад/Драже/Карамель,Скитлс драже 125 гр,шт.,1,165,207
,,,1118900,Сладкое/Мороженое,Мороженое сэндвич хабиби,шт.,2,79,100
,,,1118570,Напитки/Соки,Мохито Дин 0.5 мл,шт.,14,50,75
,,,89,Весовые товары/Выпечка,Трубочки фигли-мигли,кг,0.546,256.666666666667,335
,,,108269,Сладкое/Мороженое,Мороженое Рожок Простоквашино,шт.,15,73.5,85
,,,1118653,Напитки/Соки,J7 апельсин 0.3 мл,шт.,8,79.84,145
,,,99510,Сладкое/Конфеты/Печенья упаковки,Конфеты Руа 1кг Ессен,шт.,2,318.2,381
,,,567,Весовые товары/Выпечка,Медовые с курагой Метрополис (Арма) 21дн,кг,0.03,370,435
,,,1119705,Электроника/Гаджеты,Часы плюсХ2,шт.,1,2300,3150
,,,95468,Напитки/Соки,Денеб 0.5 Голд,шт.,107,46.09,65
,,,99678,Сладкое/Прочее/Милка,Плитка Милка Карамель 90гр,шт.,1,100,145
,,,102865,Медицина,Марля 5м Никос,шт.,2,170,220
,,,629,Весовые товары/Выпечка,ВС Козинаки ассорти круглые (Альфа) 6мес,кг,5.886,274.666666666667,355
,,,109454,Детские товары,Нутрилон Га 2 800гр Жб,шт.,1,1850,2220
,,,1119651,Игрушки,Кукла бьюти гирл,шт.,1,1200,2000
,,,1118953,Сладкое/Печенье/Пряники,Печенье сдобное Яшкино 137гр клубника,шт.,2,75.19,100
,,,97127,Сладкое/Домашняя выпечка,Лимонники длинные Азбука вкуса,шт.,5,225,275
,,,1118795,Канцтовары,Альбом 30 л,шт.,1,85,130
,,,99540,Химия/Бытовая химия,Средство для билья 2л АБС,шт.,1,240,320
,,,102497,Напитки/Соки,Спрайт 0.25л стекло,шт.,23,47.9166666666667,90
,,,106236,Электроника,Батарейки Камелион СР16-32,шт.,1,100,140
,,,94954,Чипсы,Русская картошка 140гр РУССКАРТ,шт.,43,149.49,180
,,,107348,Детские товары,Подгузники Ловурал Жираф 2-ка 72шт,шт.,2,1160,1392
,,,105174,Служебная группа,Фасоль Краснодарский 600гр,шт.,2,100,130
,,,2000999844329,Детские товары,Сказка нагрудник набор 3 шт,шт.,1,123,185
,,,1118925,Продукты Питания/Полуфабрикаты,Хинкал домашний леззет 400 гр,шт.,2,85,110
,,,97013,Сладкое/Батончики/бисквиты/Батончики/Пирожные,Батончик Лавива 35гр Улкер,шт.,36,43,63
,,,95983,Сигареты,Кент 4,шт.,10,246,265
,,,103052,Сладкое/Домашняя выпечка,Сникерс мини Азбука Вкуса,шт.,5,150,195
,,,102866,Медицина,Марля 10м Никос,шт.,2,320,415
,,,1119565,Химия/Для себя,Пудра фит ми,шт.,2,650,825
,,,110188,Сушеные Рыба/Говядина,Золоотой Плавник 40гр Флотская,шт.,5,86.72,115
,,,2000999844444,Семечки,Маккофе голд 1.8 гр,шт.,90,7.21,
,,,1118942,Посуда,Кружки 6 шт 235,шт.,1,500,675
,,,111195,Сигареты,Сити 20 т,шт.,7,1300,2300
,,,108410,Напитки/Соки,Тбилиссимо 0.5л стел,шт.,1,74.1666666666667,100
,,,1119200,Напитки/Вода,Меркурий1 л,шт.,12,53.3333333333333,85
,,,99338,Продукты Питания/Крупы/Макароны/Хлопья/Крупы,Рис Исмаил 400 гр,шт.,11,37,55
,,,1119384,Сладкое/Конфеты/Печенья упаковки,Печенье топленое молоко морозов 290 гр,шт.,5,69.13,97
,,,1118391,Напитки/Соки,Сок добрый апельсин-мандарин 2 л,шт.,37,153.818333333333,205
,,,103821,Продукты Питания/Молочка/Сыр/Копченый Сыр,Сыр лапша Спагетти 40гр Золото,шт.,1,32,45
,,,9889,ДЛЯ КАССЫ/Подгузники,Тапочки женские,шт.,6,380,600
,,,5697,ДЛЯ КАССЫ/Прочее.,Свечи,шт.,467,12,23
,,,218,Весовые товары/Молочка весовая,Сыр гауда Олден,кг,1.744,479.92213570634,612
,,,99207,Сладкое/Прочее/Нутелла,Нутелла Б-реди 22гр,шт.,2,49,67
,,,2000999844340,ДЛЯ КАССЫ/Химия,Мыло Амвэй для тела,шт.,1,550,657
,,,1118025,Хлеб/Фаст Фуд,лаваш арабский 3 шт,шт.,6,60,90
,,,110832,Электроника/Гаджеты,АЗУ DZ15,шт.,1,570,750
,,,310,Весовые товары/Мясное,Куриные окорочка мм,кг,0.552000000000001,439,587
,,,1117141,Напитки/Кофе/Какао/Сливки,Лейс цитросовый юдзу с чили,шт.,20,115.789473684211,150
,,,587,Весовые товары/Выпечка,Малина весовая,кг,11.329,1333.33333333333,1557
,,,2000999844195,Детские товары,Жидкое мыло с календулой наша мама,шт.,2,175,215
,,,1119348,Сладкое/Прочее,Фонарь аккумуляторный космос 7035,шт.,5,352.26,445
,,,1118481,Продукты Питания/Консервы/Зелень,Фасоль кубань матушка 600гр,шт.,2,150,180
,,,1179,Напитки/Чай/Кисель,Чай Бета 100 гр,шт.,8,112,137
,,,101944,Химия/Бытовая химия,Средство для полов 900мл АВС,шт.,11,122.04,150
,,,1118717,Сладкое/Прочее/Милка,Киндер батончик тронки 90 гр,шт.,10,260,320
,,,97060,Напитки/Соки,Сок Добрый Супер джус 0.2л,шт.,28,29.6296296296296,45
,,,96679,Продукты Питания/Специи,Агар 7гр Русский Аппетит,шт.,7,68.5,87
,,,1119140,Продукты Питания/Консервы/Мясо,Нут жб 400 гр,шт.,1,64.46,90
,,,104120,Детские товары,НАН2 Смесь гипоаллергенный 800гр с 6мес,шт.,1,1650,1980
,,,1118677,Чипсы,Чипсы икряные триумф 50 гр,шт.,4,95,125
,,,1118943,Посуда,Кружки 6 шт 5005,шт.,1,700,925
,,,2000999843993,ДЛЯ КАССЫ/Аксессуары,Переноска многофункциональная 501,шт.,4,950,1200
,,,104442,Служебная группа,Сливки Альпенгурт 10пр 10шт,шт.,2,69.33,95
,,,2000999844124,Химия/Для себя/Прокладки,Влажные салфетки Клеанер 120 шт,шт.,20,83,125
,,,96220,Продукты Питания/Молочка/Сметана/Творог,Сметана Простоквашино 300гр 15пр,шт.,3,115,140
,,,1119615,Химия/Для себя,Зайка в свитере большая,шт.,1,1200,1785
,,,1119024,ДЛЯ КАССЫ/Посуда,Заварочный чайник 1.2 л 27,шт.,1,684,985
,,,1118375,Игрушки,Надувной матрас 115 на 25 см,шт.,5,441,685
,,,2000999844276,Детские товары,Порошок для стирки мепси 6 кг,шт.,2,930,1178
,,,1117890,Медицина,ЛД компакт 100,шт.,9,181,205
,,,1119425,Одежда/Носки/Гольфы,Носки мужские 3072,шт.,29,33,90
,,,104210,Весовые товары/Конфеты,Сыр Кабардинский 0.6 кг,шт.,3,260,312
,,,95341,Напитки/Соки,Квас 0.5 СУЛАК стекло,шт.,12,32.5,65
,,,110058,Напитки/Соки,Черноголовка Дюшес 2л,шт.,5,113.333333333333,140
,,,110140,Продукты Питания/Консервы/Мясо,Килька обжаренная в томатном соусе 270гр ЗА РОДИНУ,шт.,6,114.15,145
,,,98984,Сухарики,Сухарики 2 крошки 60гр+25мл Соуса,шт.,3,31.25,45
,,,104974,Одежда/Носки/Гольфы,Вкусовая Приправа Лотус 400гр,шт.,9,170,205
,,,99023,Игрушки,JUMEx 460ml,шт.,8,150,250
,,,110588,Продукты Питания/Молочка/Йогурт/Пудинг,Чудо Творожок 85гр,шт.,2,41.99,70
,,,2000999844166,Детские товары,Бэби фокс соленая карамель 45 гр,шт.,30,43.7,57
,,,1119457,Продукты Питания/Быстрое питание,Лапша 130 гр Пибим,шт.,10,97,120
,,,110301,Продукты Питания/Молочка/Йогурт/Пудинг,Пудинг Нежный 100гр,шт.,34,33.71,41
,,,103053,Сладкое/Домашняя выпечка,Торт Ассорти Азбука Вкуса,шт.,3,930,1116
,,,2000999844262,Детские товары,Сказка нагрудник 3 шт,шт.,1,199,272
,,,1117155,ДЛЯ КАССЫ/Прочее.,Одноразовый станок,шт.,8,12.5,20
,,,1119249,Напитки/Соки,J7 Ассорти 0.97л т/пакет манго,шт.,10,194,360
,,,106802,Детские товары,Бутылка 180мл Паомма,шт.,4,330,450
,,,1119700,Детские товары,Нагрудник  энта,шт.,3,350,423
,,,104472,Сладкое/Мороженое,Лакомка Русский Холод 80г,шт.,30,88,112
,,,2000999844194,Детские товары,Для купания младенцев 1000 мл мята,шт.,2,422,507
,,,1118814,Для дома,Веник и савок 083,шт.,1,590,715
,,,96852,Продукты Питания/Молочка/Молоко/Кефир/Сливки,Сливки 1л Шантипак,шт.,1,260,312
,,,1118435,Служебная группа,Крем для лица 100 мл,шт.,4,100,250
,,,1119318,Продукты Питания/Быстрое питание,Соевое мясо пряная палочка 26 р,шт.,26,28,47
,,,1116969,Сладкое/Батончики/бисквиты/Батончики/Пирожные,Батончик вафер ролл сникерс,шт.,7,40,57
,,,2000999844051,Жевачка,Протеиновый батончик марс 51 гр,шт.,6,250,300
,,,98684,Напитки/Вода,Бонаква 0.5л,шт.,120,35.8333333333333,50
,,,109727,Фрукты/Сухофрукты,Изюм Голден 300гр Фооджейра,шт.,3,93,140
,,,104470,Служебная группа,Милка Чоко снаск,шт.,14,72.0833333333333,93
,,,97190,Для дома,Пластина от камаров 10шт Масквиталл,шт.,48,20,35
,,,933,Фрукты/Овощи/Зелень/Фрукты/Ягоды,Слива,кг,12.404,300,387
,,,2000999843955,Игрушки,Зайка в свитере 55 см,шт.,2,550,785
,,,1116309,Сладкое/Шоколадные плитки/пасты,Шоколадная паста Велнут 400 гр Крембер,шт.,3,366.13,442
,,,1118901,Сладкое/Мороженое,Мороженое Гигант стакан,шт.,36,95,115
,,,1118450,Химия/Для себя/Крем,Губная для увелечения,шт.,38,59,300
,,,2000999844319,Детские товары,Лулу экстракт для купания,шт.,1,205,265
,,,2000999844333,Электроника/Гаджеты,Часы смарт,шт.,1,2100,2850
,,,1119748,Сладкое/Мармелад/Драже/Карамель,Кит кат с карамелью 41 гр,шт.,24,66,90
,,,97128,Сладкое/Домашняя выпечка,Медовик Азбука вкуса,шт.,3,315,385
,,,1118835,Напитки/Соки,Липтон 0.5 мл манго,шт.,6,75.8733333333333,110
,,,325,Весовые товары/Конфеты,Конфеты Беар кэнди,кг,4,757.5,915
,,,1118691,Напитки/Соки,Зубная паста колгейт 146 гр,шт.,6,93,123
,,,103213,Кошачьи товары,Корм Китикет 350гр,шт.,32,85,110
,,,100120,Одежда/Колготки,Колготки Конте Соло 20ден 6-ка,шт.,4,137.5,220
,,,1119417,Весовые товары/Мясное,Злаковый батончик Аленка 19 гр,шт.,14,30.238,47
,,,102957,Детские товары,Сок Фруто няня 0.2л яблоко,шт.,5,31.99,55
,,,103547,Продукты Питания/Майонез/Кетчуп/Уксус и т.п.,Майонез Махеев С перепелиныым яйцом 200мл,шт.,4,48.7,70
,,,979,Весовые товары/Выпечка,Печенье Сахарное Шоколадное (Альфа),кг,0.986,157.333333333333,235
,,,97699,Продукты Питания/Майонез/Кетчуп/Уксус и т.п.,Кетчуп Махеев 300гр лечо,шт.,7,63.22,90
,,,1119247,Чипсы,Шок арахис-карамель 50 гр,шт.,4,72.1425,130
,,,1117928,Продукты Питания/Молочка/Йогурт/Пудинг,Йогурт экспонента черника 250 гр,шт.,4,145,176
,,,9,Фрукты/Овощи/Зелень/Овощи,Чеснок (местный),кг,3.532,351.449275362319,445
,,,1115719,Продукты Питания/Павильное Питание,Шоколад Дубайский 100гр СникаСпорт,шт.,6,420,510
,,,105550,Сладкое/Конфеты/Печенья упаковки,Конфеты Берлинго 1кг Ессен,шт.,3,554.46,665
,,,1146,Продукты Питания/Молочка/Йогурт/Пудинг,Йогурт Альпенленд сливочный 95гр 7.5пр,шт.,8,32.71,40
,,,97522,Продукты Питания/Мариновки,Огурцы с зеленью в заливке 3000гр Исмаил,шт.,7,234,287
,,,110192,Сушеные Рыба/Говядина,Ставридка 80гр Флотская,шт.,10,194.21,235
,,,2000999844370,Напитки/Соки,Редбулл Карабао 250 мл,шт.,9,89,120
,,,1277,Чипсы/Принглс,Прингалс 165гр,шт.,180,175,272
,,,1119332,Химия/Машинный отдел,Бумажные полотенца вива 500 л,шт.,3,130,160
,,,1115624,Напитки/Кофе/Какао/Сливки/Кофе,Кофе Султан Эфенди 100гр,шт.,2,130,163
,,,109678,Сигареты,Зажигалка Крикер,шт.,33,23.4,40
,,,1117440,Сладкое/Батончики/бисквиты,Печенье с маршмеллоу крембер,шт.,2,113.61,140
,,,563,Весовые товары/Конфеты,Конфеты Элле с Молочной начинкой,кг,0.78,523.253333333333,718
,,,99216,Чипсы,Луковые кольца 200гр велес,шт.,7,65,105
,,,1116484,Хлеб/Фаст Фуд,Бургер 2,шт.,1205,65,85
,,,105544,весовые 1/Мясное1,Кольца Пудра 0.6кг,шт.,2,200,250
,,,1119305,Весовые товары/Конфеты,Аленка понч с манго 150 гр,шт.,2,104.763333333333,150
,,,98876,Чипсы/Лейс,Лейс 140гр Сыр,шт.,3,115.79,150
,,,1119366,Продукты Питания/Консервы/Зелень,Массажная расческа с зеркалом,шт.,5,117,250
,,,1119709,ДЛЯ КАССЫ/Химия,Спрей дезодарант Амвэй,шт.,1,600,720
,,,1118382,Игрушки,Надувной круг для моря,шт.,8,250,550
,,,1119767,Химия/Для себя/Полость рта,Зубной порошок семейный 140 гр,шт.,4,49.72,0
,,,779,Фрукты/Овощи/Зелень/Овощи,Картошка желтая,кг,145.797,28,44
,,,1118706,Сладкое/Шоколадные плитки/пасты,Плитка бабаевский оригинальный 90 гр,шт.,2,109,135
,,,102881,Химия/Для себя/Салфетки влажные,Салфетки влажные Слипи 120шт,шт.,37,114,145
,,,107446,Служебная группа,Туалетная Бумага Зева Плюс 4шт,шт.,5,85,120
,,,2000999844443,Семечки,Маккофе голд 90 гр,шт.,6,236.17,
,,,1115717,Напитки/Чай/Кисель,Чай Кежо 200гр Черный с Чабрец,шт.,3,300.6,360
,,,1118634,Напитки/Соки,Сок J-7 яблочный  850 мл,шт.,5,155.99,285
,,,105592,Служебная группа,Мука Урожаюшка 5кг,шт.,1,220.5,267
,,,109028,Одежда/Колготки,Конти Соло 15ден 5-ка,шт.,1,155,220
,,,2000999844028,Игрушки/Куклы,Кукла с дочкой,шт.,1,600,950
,,,1180,Напитки/Чай/Кисель,Чай Марьям 100 гр,шт.,19,115,140
,,,2000999844232,Сладкое/Вафли/Зефир,Пироженое львенок алекс,шт.,19,92.63,117
,,,1119450,Напитки/Соки,Айс кофе маккиат жб 0.25 мл,шт.,10,69.8333333333333,95
,,,329,Весовые товары/Мясное,Конфеты Мама приехала,кг,3.828,414,498
,,,1119109,Посуда,Протеиновый десерт кейк манго,шт.,6,102,130
,,,1118370,Химия/Для себя/Шампунь,Шампунь SONATO NEO 400 мл,шт.,14,89.75,120
,,,1118424,Чипсы,Начос 150 гр сметанный соус ранч,шт.,3,108.98,140
,,,2000999844169,Сладкое/Батончики/бисквиты/Батончики/Пирожные,Чупа чупс кислый микс 11 гр,шт.,33,3.335,7
,,,1118578,Сигареты,Одноразовые пакеты рулон,шт.,17,105,145
,,,2000999844023,Игрушки,Кукла милая малышка,шт.,1,1850,3000
,,,1118218,Химия/Для себя,Ватные диски аура 80 шт,шт.,4,52.02,95
,,,1116256,Продукты Питания,Колбаса Султановская маленькая,шт.,24,85,110
,,,100926,Сладкое/Мармелад/Драже/Карамель/Мармелад,бонди мармелад 30гр ассорти вкусов,шт.,5,12.11,20
,,,1189,Напитки/Чай/Кисель,Чай Джихан 450 гр цейлон Синий,шт.,4,560,672
,,,2000999844300,Детские товары,Бутылочка для кормления ем комотомо,шт.,1,1500,1785
,,,1119403,Игрушки,Фламинго маленький,шт.,3,200,400
,,,1119740,Продукты Питания/Крупы/Макароны/Хлопья/Крупы,Булгур корона кавказа 700 гр,шт.,5,62,87
,,,109491,Напитки/Соки,Акапелла 0.5 груша,шт.,5,76.635,105
,,,1118448,Химия/Для себя,Филлер для волос,шт.,60,28,150
,,,99162,Сладкое/Прочее/Милка,Плитка Милка МММакс 300гр Чоко Бисквит,шт.,2,335,420
,,,104712,Служебная группа,Зефир В Шоколаде 0.6г Сам Конди,шт.,2,223,275
,,,9965,ДЛЯ КАССЫ/Подгузники,Тапочки 4,шт.,4,600,1000
,,,984,Весовые товары/Драже,Конфеты Элит в темном шок,кг,6,526,640
,,,1118990,Продукты Питания/Консервы/Мясо,Сайра тихоокеанская 250 гр,шт.,7,169,205
,,,119,Весовые товары/Конфеты,Конфеты Фрутланди Манго/Апельсин и Лимон,кг,9.25,255.5,308
,,,1116303,Продукты Питания/Молочка/Сметана/Творог,Творог Экспонента вишня 250 гр,шт.,4,168.5,205
,,,1117716,Сладкое/Батончики/бисквиты,Пончик улькер донат,шт.,11,29.7083333333333,40
,,,1117614,Напитки/Соки,Стом Вишня 0.3,шт.,4,52.89,75
,,,1118357,Продукты Питания/Варенье/Джем/Повидло и т.п.,Джем махеев апельсиновый,шт.,3,179.2,215
,,,1118770,Игрушки,Машинка на листе 2 шт,шт.,10,58,100
,,,2000999844223,Детские товары,Детская пенка Бимуника,шт.,3,265,325
,,,1118339,Служебная группа,Духи мужские Д20 100 мл,шт.,4,329,1350
,,,9644,Сладкое/Прочее/Милка,Плитка Милка МММакс 300гр Миндаль и карамель,шт.,3,345,415
,,,1117017,Электроника,Аукс простой,шт.,19,80,150
,,,1118986,Продукты Питания/Консервы/Мясо,Тунец морская держава 240 гр,шт.,1,136.5,175
,,,105926,Служебная группа,Киндер Макси х4 84гр,шт.,10,190,200
,,,104827,Чипсы,Сол Джамиля Помидоры 1.5л,шт.,3,300,385
,,,1117262,Сладкое/Батончики/бисквиты/Батончики/Пирожные,Леденец токсик 42 гр красная,шт.,11,102,135
,,,1119703,Детские товары,Держатель для соски,шт.,2,250,335
,,,97905,Химия/Для себя/Полость рта,Зубная щетка Глистер Амвей,шт.,2,220,270
,,,108400,Электроника/Гаджеты,Кабель ИРА23,шт.,2,300,450
,,,1115702,Сладкое/Домашняя выпечка,Пирог Молочный Азбука Вкуса,шт.,2,670,804
,,,110694,Продукты Питания/Павильное Питание,Шок Кофе 50гр,шт.,1,64.3388888888889,130
,,,2000999844208,Детские товары,Экстракт для купания Лилу с календулой,шт.,4,205,247
,,,103630,Напитки/Соки,Акапелла 0.5 Гранат,шт.,5,75.27,110
,,,23,Фрукты/Овощи/Зелень/Зелень,Пекинка,кг,35.605,92.814371257485,148
,,,101963,Химия/Для себя/Мыло,Мыло Камай франц 85гр,шт.,16,42,65
,,,1119603,Электроника/Гаджеты,Коврик кухонный,шт.,4,120,200
,,,84,Весовые товары/Мясное,Башаров Сервелат Мускатный фиброуз,кг,0.01,665,198
,,,103392,Фрукты/Сухофрукты,Манго 300гр Аль Ихляс,шт.,5,120,180
,,,95954,Сигареты,Камель Оригинал 1913,шт.,3,200,230
,,,103901,Химия/Бытовая химия/Порошки,Порошок Продокса для цветного 3кг,шт.,1,355,425
,,,2000999844057,Жевачка,Орео завтрак 350 гр,шт.,1,550,657
,,,107614,Сладкое/Печенье/Пряники,Крекер Классические 350гр Яшкино,шт.,2,73.6,100
,,,1271,Сладкое/Прочее,Круассаны 300гр 7 DAYS,шт.,30,130,165
,,,96313,Продукты Питания/Морепродукты,Сельдь 400гр Мое море,шт.,2,206.4,247
,,,102439,Напитки/Чай/Кисель,Чай Азер с клубникой 25 пакетиков,шт.,2,88,115
,,,99954,Масла/Масла сливочные,Масло сливочное чабан 380гр 72.5пр,шт.,8,350,420
,,,103404,Чипсы/Лейс,Лейс 70гр Зеленый лук,шт.,14,64,100
,,,2000999844176,Сладкое/Прочее/Турецкие сладости,Печенье крембер мах с глазурью 73 гр,шт.,34,38.3942857142857,57
,,,1116552,Сладкое/Шоколадные плитки/пасты,Милка Круасан 50 гр,шт.,10,100,130
,,,1119082,Сладкое/Мармелад/Драже/Карамель/Мармелад,Мармелад 13 гр мозги,шт.,72,11,20
,,,1118657,Продукты Питания/Морепродукты,Крабовые палочкиМирамар 200гр,шт.,2,79.99,125
,,,1118756,Игрушки/Машинки,Антистресс в стакане,шт.,3,85,130
,,,2000999844454,Для дома/Салфетки,Влажные салфетки бамбалфл 120 шт,шт.,8,110,
,,,1119144,Продукты Питания/Консервы/Мясо,Сардина Иваси 250 гр,шт.,4,75.19,125
,,,96997,Детские товары,Подгузники Хаггис девочкам 5 64шт,шт.,2,1040,1248
,,,1118741,Игрушки,Браслет шт,шт.,2,110,200
,,,2000999844168,Сладкое/Батончики/бисквиты/Батончики/Пирожные,Бэби фокс с фундуком 45 гр,шт.,30,43.7,57
,,,111472,Сладкое/Домашняя выпечка,Баранки 300гр Николаевские яичные,шт.,9,76.17,106
,,,1217,Напитки/Кофе/Какао/Сливки/Кофе,Кофе Арабика 100гр Кофейня,шт.,2,400,480
,,,2000999844230,Детские товары,Екосан гель для посуды яблоко,шт.,1,287,357
,,,110727,Электроника,Лампа 65вт Космос,шт.,1,362.825,572
,,,1119080,ДЛЯ КАССЫ/Леденцы,Дирол фреш,шт.,2,42,65
,,,1119736,Продукты Питания/Крупы/Макароны/Хлопья/Крупы,Гречка корона кавказа 700 гр,шт.,4,44,68
,,,98766,ДЛЯ КАССЫ/Посуда,Кукла ангел свет,шт.,1,1100,1850
,,,103677,Химия/Для себя/Мыло,Гель-мыло Хозяйственное 0.5кг Веста,шт.,8,125,160
,,,1118870,Химия/Ароматная,Помада гигиеническая ево,шт.,4,67.75,90
,,,1500,Фрукты/Овощи/Зелень/Зелень,Петрушка,шт.,138,25,35
,,,97817,Сладкое/Прочее/Кукурузные палочки/Поп Корн,Кукурузные палочки принцулька 90гр ВКУСНОМАМА,шт.,4,128.571428571429,165
,,,2000999843982,ДЛЯ КАССЫ/Аксессуары,Кабель Х-102,шт.,2,170,300
,,,1119690,Продукты Питания/Полуфабрикаты,Вареники с картошкой 1 кг хаз чам,шт.,4,370,445
,,,1118747,Игрушки,Водяной пистолет мини,шт.,10,30,60
,,,236,Весовые товары/Драже,Драже Арахис в кунжуте Альфа,кг,2.286,320.4,395
,,,104276,Служебная группа,ЛЮРЕ влаж сал 120шт,шт.,3,98.01,125
,,,106086,Продукты Питания/Морепродукты,Сельди 130гр Балтииский берег в масле с укроп,шт.,2,150,180
,,,2000999844081,Детские товары,Пупс в коробке,шт.,2,1050,1417
,,,1119706,Сладкое/Мороженое,Каприз фисташка,шт.,105,54.0540540540541,73
,,,98042,Напитки/Вода,Архыз 5л,шт.,2,129,157
,,,2000999844190,Детские товары,Средство для мытья посуды 500 мл  Наша мама,шт.,3,201,247
,,,1118802,Канцтовары,Альбом для рисования 8 л,шт.,1,26,50
,,,100552,Продукты Питания/Мука/Сахар/Соль/Крахмал/Сахар,Сахар Корона Кавказа 500гр,шт.,21,41,63
,,,1118315,Игрушки,Маски для лица тканевые,шт.,24,14.7666666666667,70
